dbn,school_name,school_type,enrollment,uhf_name,lat,lon,chronic_absenteeism_rate,asthma_ed_rate,svi_overall,svi_socioeconomic,distance_to_nearest_mshp_miles,accessibility_tier,asthma_score,absenteeism_score,enrollment_score,svi_score,isolation_score,enhanced_priority_score,enhanced_priority_rank,enhanced_priority_tier
07X259,"H.E.R.O. High (Health, Education, and Research Occ",Other,750.0,Hunts Point - Mott Haven,40.810671,-73.907528,54.0,192.3,0.9125,0.95,0.5526470461951304,Moderate (0.5-1 mi),94.05594405594405,95.45454545454545,91.6083916083916,94.05594405594405,64.86013986013987,89.58916083916085,1,Tier 1 - Critical (Top 10%)
08X048,P.S. 048 Joseph R. Drake,Elementary,505.0,Hunts Point - Mott Haven,40.814034,-73.886834,51.6831665,192.3,0.9125,0.95,0.6800455596081711,Moderate (0.5-1 mi),94.05594405594405,91.6083916083916,73.07692307692307,94.05594405594405,73.42657342657343,87.32517482517481,2,Tier 1 - Critical (Top 10%)
08X062,P.S. 062 Inocensio Casanova,Elementary,486.0,Hunts Point - Mott Haven,40.813736,-73.900161,41.97530746,192.3,0.9125,0.95,0.6498209773646387,Moderate (0.5-1 mi),94.05594405594405,68.53146853146853,71.32867132867133,94.05594405594405,69.93006993006993,81.92307692307692,3,Tier 1 - Critical (Top 10%)
09X126,P.S. 126 Dr Marjorie H Dunbar,Elementary,582.0,High Bridge - Morrisania,40.835866,-73.9282,52.4054985,178.0,0.8775,0.92,0.6507105802814099,Moderate (0.5-1 mi),78.84615384615384,91.95804195804196,78.67132867132867,78.84615384615384,70.27972027972028,80.15734265734265,4,Tier 1 - Critical (Top 10%)
07X334,International Community High School,High School,414.0,Hunts Point - Mott Haven,40.810314,-73.918774,44.92753601,192.3,0.9125,0.95,0.46597880595649355,Close (0.25-0.5 mi),94.05594405594405,78.67132867132867,58.21678321678322,94.05594405594405,53.4965034965035,79.51923076923076,5,Tier 1 - Critical (Top 10%)
07X500,Hostos-Lincoln Academy of Science,High School,468.0,Hunts Point - Mott Haven,40.814857,-73.912038,52.56410217,192.3,0.9125,0.95,0.22102375078183414,Very Close (<0.25 mi),94.05594405594405,92.83216783216784,69.05594405594405,94.05594405594405,19.755244755244757,78.91608391608392,6,Tier 1 - Critical (Top 10%)
08X333,The Longwood Academy of Discovery,High School,496.0,Hunts Point - Mott Haven,40.820108,-73.898399,49.39516068,192.3,0.9125,0.95,0.20851607493196891,Very Close (<0.25 mi),94.05594405594405,88.81118881118881,72.02797202797203,94.05594405594405,17.132867132867133,78.16433566433565,7,Tier 1 - Critical (Top 10%)
12X134,P.S. 134 George F. Bristow,Elementary,506.0,Hunts Point - Mott Haven,40.831613,-73.894241,42.49011993,192.3,0.9125,0.95,0.3726273584109134,Close (0.25-0.5 mi),94.05594405594405,70.62937062937063,73.42657342657343,94.05594405594405,39.86013986013986,78.14685314685313,8,Tier 1 - Critical (Top 10%)
08X530,Longwood Preparatory Academy,High School,381.0,Hunts Point - Mott Haven,40.817741,-73.897876,52.49343872,192.3,0.9125,0.95,0.35006559462134706,Close (0.25-0.5 mi),94.05594405594405,92.3076923076923,46.32867132867133,94.05594405594405,37.41258741258741,78.0506993006993,9,Tier 1 - Critical (Top 10%)
08X269,Bronx Studio School for Writers and Artists,Other,615.0,Hunts Point - Mott Haven,40.820388,-73.892961,48.94308853,192.3,0.9125,0.95,0.13673501878722502,Very Close (<0.25 mi),94.05594405594405,87.06293706293707,82.16783216783216,94.05594405594405,5.594405594405594,77.6048951048951,10,Tier 1 - Critical (Top 10%)
12X150,P.S. 150 Charles James Fox,Elementary,556.0,Hunts Point - Mott Haven,40.82471,-73.894349,46.58273315,192.3,0.9125,0.95,0.1833876818332817,Very Close (<0.25 mi),94.05594405594405,82.16783216783216,77.7972027972028,94.05594405594405,12.937062937062937,77.07167832167832,11,Tier 1 - Critical (Top 10%)
09X073,P.S. 073 Bronx,Elementary,318.0,High Bridge - Morrisania,40.832609,-73.926415,53.45911789,178.0,0.8775,0.92,0.7378690789987473,Moderate (0.5-1 mi),78.84615384615384,94.4055944055944,32.16783216783217,78.84615384615384,80.76923076923077,75.24475524475524,12,Tier 1 - Critical (Top 10%)
07X030,P.S. 030 Wilton,Elementary,389.0,Hunts Point - Mott Haven,40.809023,-73.917417,38.30334091,192.3,0.9125,0.95,0.5778354910522226,Moderate (0.5-1 mi),94.05594405594405,54.54545454545454,48.42657342657343,94.05594405594405,66.08391608391608,75.11363636363636,13,Tier 1 - Critical (Top 10%)
08X075,P.S. 75 School of Research and Discovery,Elementary,547.0,Hunts Point - Mott Haven,40.822314,-73.888948,39.12248611,192.3,0.9125,0.95,0.28396675951077655,Close (0.25-0.5 mi),94.05594405594405,57.34265734265735,77.27272727272727,94.05594405594405,29.02097902097902,74.44055944055944,14,Tier 1 - Critical (Top 10%)
08X130,P.S. 130 Abram Stevens Hewitt,Elementary,332.0,Hunts Point - Mott Haven,40.817742,-73.901709,43.37349319,192.3,0.9125,0.95,0.41319352059312375,Close (0.25-0.5 mi),94.05594405594405,73.42657342657343,36.01398601398601,94.05594405594405,47.55244755244755,74.24825174825175,15,Tier 1 - Critical (Top 10%)
09X114,P.S. X114 - Luis Llorens Torres Schools,Elementary,540.0,High Bridge - Morrisania,40.834979,-73.923297,41.11111069,178.0,0.8775,0.92,0.5996119534683974,Moderate (0.5-1 mi),78.84615384615384,64.33566433566433,76.3986013986014,78.84615384615384,67.83216783216784,73.92482517482517,16,Tier 1 - Critical (Top 10%)
07X161,P.S. 161 Juan Ponce De Leon School,Elementary,332.0,Hunts Point - Mott Haven,40.814168,-73.905233,41.86746979,192.3,0.9125,0.95,0.42851935498982546,Close (0.25-0.5 mi),94.05594405594405,67.83216783216784,36.01398601398601,94.05594405594405,50.349650349650354,73.54895104895104,17,Tier 1 - Critical (Top 10%)
07X049,P.S. 049 Willis Avenue,Elementary,531.0,Hunts Point - Mott Haven,40.810413,-73.92273,34.46327591,192.3,0.9125,0.95,0.41154883516208235,Close (0.25-0.5 mi),94.05594405594405,40.20979020979021,75.87412587412588,94.05594405594405,47.2027972027972,73.53146853146853,18,Tier 1 - Critical (Top 10%)
07X551,The Urban Assembly Bronx Academy of Letters,High School,436.0,High Bridge - Morrisania,40.813681,-73.925995,63.76146698,178.0,0.8775,0.92,0.25346085311135386,Close (0.25-0.5 mi),78.84615384615384,98.95104895104895,63.286713286713294,78.84615384615384,25.524475524475527,72.53496503496504,19,Tier 1 - Critical (Top 10%)
09X132,P.S. 132 Garret A. Morgan,Elementary,400.0,High Bridge - Morrisania,40.832175,-73.907133,58.0,178.0,0.8775,0.92,0.28328614486504944,Close (0.25-0.5 mi),78.84615384615384,97.55244755244755,53.84615384615385,78.84615384615384,28.671328671328673,71.31118881118883,20,Tier 1 - Critical (Top 10%)
08X140,P.S. X140 The Eagle School,Elementary,390.0,High Bridge - Morrisania,40.823318,-73.907489,53.84615326,178.0,0.8775,0.92,0.34137599639026,Close (0.25-0.5 mi),78.84615384615384,95.1048951048951,49.3006993006993,78.84615384615384,36.01398601398601,71.24125874125873,21,Tier 1 - Critical (Top 10%)
12X248,"Metropolitan High School, The",High School,205.0,Hunts Point - Mott Haven,40.827539,-73.896925,61.95121765,192.3,0.9125,0.95,0.1775154447766451,Very Close (<0.25 mi),94.05594405594405,98.6013986013986,16.083916083916083,94.05594405594405,11.888111888111888,70.94405594405595,22,Tier 1 - Critical (Top 10%)
09X053,P.S. 053 Basheer Quisim,Elementary,691.0,High Bridge - Morrisania,40.832648,-73.911906,40.08683014,178.0,0.8775,0.92,0.37731163888098385,Close (0.25-0.5 mi),78.84615384615384,60.83916083916085,87.41258741258741,78.84615384615384,41.25874125874126,70.89160839160839,23,Tier 1 - Critical (Top 10%)
12X214,P.S. 214,Elementary,927.0,Crotona - Tremont,40.839297,-73.879931,48.22006607,171.9,0.8524999999999999,0.88,0.5958379949786706,Moderate (0.5-1 mi),57.692307692307686,85.66433566433567,96.85314685314685,57.692307692307686,67.3076923076923,70.60314685314684,24,Tier 1 - Critical (Top 10%)
07X043,P.S. 043 Jonas Bronck,Elementary,394.0,Hunts Point - Mott Haven,40.806452,-73.921593,26.90355301,192.3,0.9125,0.95,0.6876688072885816,Moderate (0.5-1 mi),94.05594405594405,23.076923076923077,50.6993006993007,94.05594405594405,74.47552447552448,70.41958041958041,25,Tier 1 - Critical (Top 10%)
07X600,Alfred E. Smith Career and Technical Education Hig,Other,418.0,High Bridge - Morrisania,40.818645,-73.919949,56.45933151,178.0,0.8775,0.92,0.21303154765431873,Very Close (<0.25 mi),78.84615384615384,96.15384615384616,59.96503496503497,78.84615384615384,18.181818181818183,70.37587412587413,26,Tier 1 - Critical (Top 10%)
09X218,P.S./I.S. 218 Rafael Hernandez Dual Language Magne,Middle School,827.0,High Bridge - Morrisania,40.835681,-73.919571,34.09915543,178.0,0.8775,0.92,0.49674678449263976,Close (0.25-0.5 mi),78.84615384615384,39.51048951048951,94.05594405594405,78.84615384615384,57.692307692307686,70.08741258741259,27,Tier 1 - Critical (Top 10%)
07X277,P.S. 277,Elementary,388.0,Hunts Point - Mott Haven,40.813385,-73.913872,37.62886429,192.3,0.9125,0.95,0.3423623388161283,Close (0.25-0.5 mi),94.05594405594405,50.6993006993007,47.9020979020979,94.05594405594405,36.71328671328671,69.86013986013987,28,Tier 1 - Critical (Top 10%)
07X179,P.S. 179,Elementary,230.0,Hunts Point - Mott Haven,40.80908,-73.919773,37.82608795,192.3,0.9125,0.95,0.5263540874809388,Moderate (0.5-1 mi),94.05594405594405,51.74825174825175,18.88111888111888,94.05594405594405,63.46153846153846,69.72902097902097,29,Tier 2 - High (10-25%)
08X302,M.S. 302 Luisa Dessus Cruz,Middle School,353.0,Hunts Point - Mott Haven,40.816078,-73.901599,32.57790375,192.3,0.9125,0.95,0.5171345113592438,Moderate (0.5-1 mi),94.05594405594405,35.31468531468531,41.95804195804196,94.05594405594405,61.88811188811189,69.66783216783217,30,Tier 2 - High (10-25%)
07X065,P.S. 065 Mother Hale Academy,Elementary,246.0,Hunts Point - Mott Haven,40.807916,-73.912557,32.92683029,192.3,0.9125,0.95,0.7012798392960091,Moderate (0.5-1 mi),94.05594405594405,37.06293706293706,20.97902097902098,94.05594405594405,77.62237762237763,69.23076923076923,31,Tier 2 - High (10-25%)
08X424,The Hunts Point School,Other,182.0,Hunts Point - Mott Haven,40.815827,-73.885284,36.81318665,192.3,0.9125,0.95,0.6410092391260716,Moderate (0.5-1 mi),94.05594405594405,47.55244755244755,14.685314685314685,94.05594405594405,69.58041958041959,69.17832167832168,32,Tier 2 - High (10-25%)
07X005,P.S. 5 Port Morris,Elementary,717.0,Hunts Point - Mott Haven,40.813896,-73.908358,23.98884201,192.3,0.9125,0.95,0.33370840258880974,Close (0.25-0.5 mi),94.05594405594405,16.783216783216783,89.16083916083916,94.05594405594405,34.96503496503497,69.00349650349649,33,Tier 2 - High (10-25%)
07X025,P.S. 025 Bilingual School,Elementary,434.0,Hunts Point - Mott Haven,40.812895,-73.905751,25.11520767,192.3,0.9125,0.95,0.4701587877180416,Close (0.25-0.5 mi),94.05594405594405,19.230769230769234,62.93706293706294,94.05594405594405,54.89510489510489,68.54895104895104,34,Tier 2 - High (10-25%)
07X369,Young Leaders Elementary School,Elementary,238.0,Hunts Point - Mott Haven,40.80908,-73.919773,36.13445282,192.3,0.9125,0.95,0.5263540874809388,Moderate (0.5-1 mi),94.05594405594405,44.40559440559441,19.230769230769234,94.05594405594405,63.46153846153846,68.31293706293707,35,Tier 2 - High (10-25%)
09X443,The Family School,Other,438.0,High Bridge - Morrisania,40.831873,-73.917526,41.55251312,178.0,0.8775,0.92,0.35583147854923625,Close (0.25-0.5 mi),78.84615384615384,66.08391608391608,63.81118881118881,78.84615384615384,38.28671328671329,67.95454545454545,36,Tier 2 - High (10-25%)
07X427,Community School for Social Justice,Other,209.0,High Bridge - Morrisania,40.815712,-73.92996,59.80861282,178.0,0.8775,0.92,0.38251394850109366,Close (0.25-0.5 mi),78.84615384615384,98.25174825174825,16.95804195804196,78.84615384615384,41.78321678321678,67.88461538461539,37,Tier 2 - High (10-25%)
10X032,P.S. 032 Belmont,Elementary,598.0,Crotona - Tremont,40.851724,-73.88622,48.32775879,171.9,0.8524999999999999,0.88,0.5495213150366886,Moderate (0.5-1 mi),57.692307692307686,86.36363636363636,80.76923076923077,57.692307692307686,64.33566433566433,67.88461538461537,38,Tier 2 - High (10-25%)
07X223,The Laboratory School of Finance and Technology: X,Other,657.0,Hunts Point - Mott Haven,40.813612,-73.920851,27.85388184,192.3,0.9125,0.95,0.2135655311115201,Very Close (<0.25 mi),94.05594405594405,25.174825174825177,84.96503496503497,94.05594405594405,19.055944055944053,67.66608391608392,39,Tier 2 - High (10-25%)
09X457,Sheridan Academy for Young Leaders,High School,447.0,High Bridge - Morrisania,40.831873,-73.917526,40.49216843,178.0,0.8775,0.92,0.35583147854923625,Close (0.25-0.5 mi),78.84615384615384,62.58741258741259,65.20979020979021,78.84615384615384,38.28671328671329,67.46503496503496,40,Tier 2 - High (10-25%)
12X006,P.S. 006 West Farms,Elementary,493.0,Crotona - Tremont,40.840445,-73.882531,53.34685516,171.9,0.8524999999999999,0.88,0.5116200268534349,Moderate (0.5-1 mi),57.692307692307686,93.7062937062937,71.67832167832168,57.692307692307686,60.31468531468531,67.38636363636364,41,Tier 2 - High (10-25%)
12X267,Bronx Latin,Other,485.0,High Bridge - Morrisania,40.826933,-73.900593,46.80412292,178.0,0.8775,0.92,0.10472985459682765,Very Close (<0.25 mi),78.84615384615384,82.86713286713287,70.8041958041958,78.84615384615384,3.6713286713286712,67.16783216783216,42,Tier 2 - High (10-25%)
07X221,South Bronx Preparatory: A College Board School,High School,630.0,Hunts Point - Mott Haven,40.813612,-73.920851,26.50793648,192.3,0.9125,0.95,0.2135655311115201,Very Close (<0.25 mi),94.05594405594405,22.727272727272727,83.56643356643356,94.05594405594405,19.055944055944053,66.96678321678321,43,Tier 2 - High (10-25%)
12X300,The School of Science and Applied Learning,Other,423.0,Crotona - Tremont,40.846128,-73.886721,48.2269516,171.9,0.8524999999999999,0.88,0.7122262626400467,Moderate (0.5-1 mi),57.692307692307686,86.01398601398601,60.66433566433567,57.692307692307686,78.67132867132867,66.9493006993007,44,Tier 2 - High (10-25%)
12X682,Fannie Lou Hamer Freedom High School,High School,441.0,Crotona - Tremont,40.831212,-73.885804,65.07936859,171.9,0.8524999999999999,0.88,0.4284562938154124,Close (0.25-0.5 mi),57.692307692307686,99.3006993006993,64.6853146853147,57.692307692307686,50.0,65.9090909090909,45,Tier 2 - High (10-25%)
09X110,P.S. 110 Theodore Schoenfeld,Elementary,332.0,High Bridge - Morrisania,40.83447,-73.900654,47.59036255,178.0,0.8775,0.92,0.24727387124849298,Very Close (<0.25 mi),78.84615384615384,84.96503496503497,36.01398601398601,78.84615384615384,23.6013986013986,65.3583916083916,46,Tier 2 - High (10-25%)
09X011,P.S. 011 Highbridge,Elementary,438.0,High Bridge - Morrisania,40.839693,-73.92589,37.89954376,178.0,0.8775,0.92,0.3709087456571821,Close (0.25-0.5 mi),78.84615384615384,52.09790209790209,63.81118881118881,78.84615384615384,39.16083916083916,65.28846153846153,47,Tier 2 - High (10-25%)
07X224,P.S./I.S. 224,Middle School,185.0,Hunts Point - Mott Haven,40.810314,-73.918774,34.05405426,192.3,0.9125,0.95,0.46597880595649355,Close (0.25-0.5 mi),94.05594405594405,39.16083916083916,15.384615384615385,94.05594405594405,53.4965034965035,65.1923076923077,48,Tier 2 - High (10-25%)
12X684,Wings Academy,High School,261.0,Crotona - Tremont,40.841376,-73.875262,58.62068939,171.9,0.8524999999999999,0.88,0.8762651921692947,Moderate (0.5-1 mi),57.692307692307686,97.9020979020979,23.776223776223777,57.692307692307686,86.36363636363636,64.94755244755245,49,Tier 2 - High (10-25%)
07X670,Health Opportunities High School,High School,253.0,High Bridge - Morrisania,40.815712,-73.92996,45.45454407,178.0,0.8775,0.92,0.38251394850109366,Close (0.25-0.5 mi),78.84615384615384,79.02097902097903,22.202797202797203,78.84615384615384,41.78321678321678,64.82517482517483,50,Tier 2 - High (10-25%)
09X128,Mott Hall III,Other,294.0,High Bridge - Morrisania,40.83447,-73.900654,47.95918274,178.0,0.8775,0.92,0.24727387124849298,Very Close (<0.25 mi),78.84615384615384,85.3146853146853,29.02097902097902,78.84615384615384,23.6013986013986,64.37937062937063,51,Tier 2 - High (10-25%)
12X057,P.S. 057 Crescent,Elementary,408.0,Crotona - Tremont,40.848748,-73.888987,43.13725662,171.9,0.8524999999999999,0.88,0.7408295424794681,Moderate (0.5-1 mi),57.692307692307686,72.72727272727273,57.34265734265735,57.692307692307686,81.64335664335664,64.23951048951048,52,Tier 2 - High (10-25%)
07X029,P.S./M.S. 029 Melrose School,Middle School,684.0,High Bridge - Morrisania,40.821544,-73.916419,33.04093552,178.0,0.8775,0.92,0.2569117426879037,Close (0.25-0.5 mi),78.84615384615384,37.41258741258741,86.7132867132867,78.84615384615384,26.223776223776223,63.84615384615384,53,Tier 2 - High (10-25%)
07X154,P.S. 154 Jonathan D. Hyatt,Elementary,240.0,Hunts Point - Mott Haven,40.808194,-73.925459,25.0,192.3,0.9125,0.95,0.5830482602140612,Moderate (0.5-1 mi),94.05594405594405,18.88111888111888,19.755244755244757,94.05594405594405,66.43356643356644,63.73251748251749,54,Tier 2 - High (10-25%)
09X505,"Bronx School for Law, Government and Justice",Other,714.0,High Bridge - Morrisania,40.827461,-73.919024,32.35293961,178.0,0.8775,0.92,0.2591810906340276,Close (0.25-0.5 mi),78.84615384615384,34.61538461538461,88.81118881118881,78.84615384615384,26.573426573426573,63.65384615384615,55,Tier 2 - High (10-25%)
10X091,P.S. 091 Bronx,Elementary,398.0,Crotona - Tremont,40.858286,-73.907494,43.96984863,171.9,0.8524999999999999,0.88,0.6701392252700742,Moderate (0.5-1 mi),57.692307692307686,77.62237762237763,53.32167832167832,57.692307692307686,72.72727272727273,63.27797202797203,56,Tier 2 - High (10-25%)
08X301,M.S. 301 Paul L. Dunbar,Middle School,173.0,High Bridge - Morrisania,40.822291,-73.906739,43.93063736,178.0,0.8775,0.92,0.38606513822535254,Close (0.25-0.5 mi),78.84615384615384,77.27272727272727,13.636363636363635,78.84615384615384,42.30769230769231,63.26923076923077,57,Tier 2 - High (10-25%)
07X343,Academy of Applied Mathematics and Technology,High School,285.0,Hunts Point - Mott Haven,40.810314,-73.918774,24.56140327,192.3,0.9125,0.95,0.46597880595649355,Close (0.25-0.5 mi),94.05594405594405,18.181818181818183,27.62237762237762,94.05594405594405,53.4965034965035,62.83216783216783,58,Tier 2 - High (10-25%)
09X063,P.S. 063 Author's Academy,Elementary,406.0,High Bridge - Morrisania,40.83093,-73.901859,40.14778137,178.0,0.8775,0.92,0.19665496798659235,Very Close (<0.25 mi),78.84615384615384,61.53846153846154,56.81818181818182,78.84615384615384,15.734265734265735,62.61363636363636,59,Tier 2 - High (10-25%)
09X250,Eximius College Preparatory Academy: A College Boa,High School,377.0,High Bridge - Morrisania,40.833884,-73.902794,42.97082138,178.0,0.8775,0.92,0.1816751939591389,Very Close (<0.25 mi),78.84615384615384,72.37762237762237,45.10489510489511,78.84615384615384,12.412587412587413,62.52622377622377,60,Tier 2 - High (10-25%)
09X361,The Highbridge Green School,Other,416.0,High Bridge - Morrisania,40.838232,-73.927892,27.40384674,178.0,0.8775,0.92,0.516315026434592,Moderate (0.5-1 mi),78.84615384615384,24.475524475524477,58.91608391608392,78.84615384615384,61.53846153846154,62.38636363636364,61,Tier 2 - High (10-25%)
07X001,P.S. 001 Courtlandt School,Elementary,447.0,High Bridge - Morrisania,40.819331,-73.919634,37.3601799,178.0,0.8775,0.92,0.2240023686818323,Very Close (<0.25 mi),78.84615384615384,49.65034965034965,65.20979020979021,78.84615384615384,20.62937062937063,62.22902097902098,62,Tier 2 - High (10-25%)
09X022,J.H.S. 022 Jordan L. Mott,Middle School,303.0,High Bridge - Morrisania,40.832022,-73.91435,41.9141922,178.0,0.8775,0.92,0.3170887291794764,Close (0.25-0.5 mi),78.84615384615384,68.18181818181817,30.069930069930066,78.84615384615384,30.944055944055943,62.21153846153845,63,Tier 2 - High (10-25%)
12X479,Bronx Career and College Preparatory High School,High School,162.0,High Bridge - Morrisania,40.826933,-73.900593,69.7530899,178.0,0.8775,0.92,0.10472985459682765,Very Close (<0.25 mi),78.84615384615384,100.0,12.937062937062937,78.84615384615384,3.6713286713286712,61.91433566433566,64,Tier 2 - High (10-25%)
07X584,I.S. 584,Middle School,207.0,Hunts Point - Mott Haven,40.814857,-73.912038,36.71497726,192.3,0.9125,0.95,0.22102375078183414,Very Close (<0.25 mi),94.05594405594405,46.85314685314685,16.433566433566433,94.05594405594405,19.755244755244757,61.82692307692308,65,Tier 2 - High (10-25%)
10X225,Theatre Arts Production Company School,Other,433.0,Crotona - Tremont,40.854257,-73.897404,51.50115585,171.9,0.8524999999999999,0.88,0.3376689879257542,Close (0.25-0.5 mi),57.692307692307686,91.25874125874127,62.41258741258741,57.692307692307686,35.48951048951049,61.78321678321678,66,Tier 2 - High (10-25%)
12X067,P.S. 067 Mohegan School,Elementary,343.0,Crotona - Tremont,40.843781,-73.884192,45.77259445,171.9,0.8524999999999999,0.88,0.6189055305068214,Moderate (0.5-1 mi),57.692307692307686,80.06993006993007,39.68531468531469,57.692307692307686,69.23076923076923,61.19755244755244,67,Tier 2 - High (10-25%)
09X449,Grant Avenue Elementary School,Elementary,384.0,High Bridge - Morrisania,40.828009,-73.917705,40.36458206,178.0,0.8775,0.92,0.1942605199853488,Very Close (<0.25 mi),78.84615384615384,62.23776223776224,47.2027972027972,78.84615384615384,14.51048951048951,61.12762237762237,68,Tier 2 - High (10-25%)
09X241,Urban Assembly School for Applied Math and Science,Other,541.0,Crotona - Tremont,40.839508,-73.901774,57.67097855,171.9,0.8524999999999999,0.88,0.15238523598517564,Very Close (<0.25 mi),57.692307692307686,97.2027972027972,76.92307692307693,57.692307692307686,8.041958041958042,61.031468531468526,69,Tier 2 - High (10-25%)
09X035,P.S. 035 Franz Siegel,Elementary,402.0,High Bridge - Morrisania,40.828009,-73.917705,38.55721283,178.0,0.8775,0.92,0.1942605199853488,Very Close (<0.25 mi),78.84615384615384,55.24475524475524,54.37062937062937,78.84615384615384,14.51048951048951,60.8041958041958,70,Tier 2 - High (10-25%)
10X003,P.S. 3 Raul Julia Micro Society,Elementary,325.0,Crotona - Tremont,40.850131,-73.89163,44.30769348,171.9,0.8524999999999999,0.88,0.6124725290954484,Moderate (0.5-1 mi),57.692307692307686,78.32167832167832,34.96503496503497,57.692307692307686,68.53146853146853,60.03496503496503,71,Tier 2 - High (10-25%)
09X324,Bronx Early College Academy for Teaching & Learnin,High School,376.0,High Bridge - Morrisania,40.828009,-73.917705,39.36170197,178.0,0.8775,0.92,0.1942605199853488,Very Close (<0.25 mi),78.84615384615384,58.04195804195804,44.75524475524475,78.84615384615384,14.51048951048951,59.921328671328666,72,Tier 3 - Moderate (25-50%)
09X070,P.S. 070 Max Schoenfeld,Elementary,822.0,Crotona - Tremont,40.844236,-73.90807,40.14598465,171.9,0.8524999999999999,0.88,0.32111485057521444,Close (0.25-0.5 mi),57.692307692307686,61.18881118881119,93.7062937062937,57.692307692307686,31.46853146853147,59.86013986013985,73,Tier 3 - Moderate (25-50%)
07X296,South Bronx Academy for Applied Media,High School,183.0,High Bridge - Morrisania,40.818703,-73.905389,41.530056,178.0,0.8775,0.92,0.3297001445980488,Close (0.25-0.5 mi),78.84615384615384,65.73426573426573,15.034965034965033,78.84615384615384,33.39160839160839,59.83391608391608,74,Tier 3 - Moderate (25-50%)
12X595,P.S. 595,Elementary,269.0,Crotona - Tremont,40.846205,-73.889602,45.72490692,171.9,0.8524999999999999,0.88,0.6901510508009476,Moderate (0.5-1 mi),57.692307692307686,79.72027972027972,24.475524475524477,57.692307692307686,75.17482517482517,59.73776223776223,75,Tier 3 - Moderate (25-50%)
08X146,P.S. 146 Edward Collins,Elementary,321.0,High Bridge - Morrisania,40.824717,-73.905734,40.80996704,178.0,0.8775,0.92,0.2116328290111075,Very Close (<0.25 mi),78.84615384615384,62.93706293706294,33.39160839160839,78.84615384615384,17.482517482517483,59.641608391608386,76,Tier 3 - Moderate (25-50%)
12X273,Frederick Douglass Academy V. Middle School,Middle School,174.0,Crotona - Tremont,40.848748,-73.888987,46.55172348,171.9,0.8524999999999999,0.88,0.7408295424794681,Moderate (0.5-1 mi),57.692307692307686,81.81818181818183,13.986013986013987,57.692307692307686,81.64335664335664,59.5541958041958,77,Tier 3 - Moderate (25-50%)
10X059,P.S. 059 The Community School of Technology,Elementary,417.0,Crotona - Tremont,40.853141,-73.893639,43.88489151,171.9,0.8524999999999999,0.88,0.3872094283320081,Close (0.25-0.5 mi),57.692307692307686,76.92307692307693,59.44055944055944,57.692307692307686,42.65734265734265,59.54545454545454,78,Tier 3 - Moderate (25-50%)
10X033,P.S. 033 Timothy Dwight,Elementary,849.0,Fordham - Bronx Park,40.861698,-73.901268,49.70553589,132.4,0.7549999999999999,0.78,0.4021033995449148,Close (0.25-0.5 mi),39.68531468531469,89.16083916083916,94.75524475524476,39.68531468531469,46.85314685314685,58.91608391608392,79,Tier 3 - Moderate (25-50%)
07X557,Mott Haven Community High School,High School,,Hunts Point - Mott Haven,40.810671,-73.907528,,192.3,0.9125,0.95,0.5526470461951304,Moderate (0.5-1 mi),94.05594405594405,5.419580419580419,5.419580419580419,94.05594405594405,64.86013986013987,58.65384615384615,80,Tier 3 - Moderate (25-50%)
10X094,P.S. 094 Kings College School,Elementary,813.0,Fordham - Bronx Park,40.880661,-73.875268,40.95940781,132.4,0.7549999999999999,0.78,0.7175381188443699,Moderate (0.5-1 mi),39.68531468531469,63.63636363636363,93.35664335664336,39.68531468531469,80.06993006993007,58.583916083916094,81,Tier 3 - Moderate (25-50%)
12X271,East Bronx Academy for the Future,High School,688.0,Crotona - Tremont,40.836821,-73.887688,43.6046524,171.9,0.8524999999999999,0.88,0.15689435380670635,Very Close (<0.25 mi),57.692307692307686,75.87412587412588,87.06293706293707,57.692307692307686,8.741258741258742,58.39160839160839,82,Tier 3 - Moderate (25-50%)
12X318,"I.S. X318 Math, Science & Technology Through Arts",Middle School,301.0,Crotona - Tremont,40.843705,-73.890145,45.5149498,171.9,0.8524999999999999,0.88,0.5159949772501471,Moderate (0.5-1 mi),57.692307692307686,79.37062937062937,29.72027972027972,57.692307692307686,61.01398601398601,58.33041958041957,83,Tier 3 - Moderate (25-50%)
09X260,Bronx Center for Science and Mathematics,Other,397.0,High Bridge - Morrisania,40.833884,-73.902794,36.27204132,178.0,0.8775,0.92,0.1816751939591389,Very Close (<0.25 mi),78.84615384615384,45.10489510489511,52.62237762237763,78.84615384615384,12.412587412587413,58.19930069930069,84,Tier 3 - Moderate (25-50%)
07X157,P.S. 157 Grove Hill,Elementary,414.0,High Bridge - Morrisania,40.819419,-73.908965,35.26570129,178.0,0.8775,0.92,0.16890960517921264,Very Close (<0.25 mi),78.84615384615384,42.30769230769231,58.21678321678322,78.84615384615384,10.48951048951049,58.19055944055943,85,Tier 3 - Moderate (25-50%)
10X291,P.S. 291,Elementary,335.0,Crotona - Tremont,40.859243,-73.909763,38.80596924,171.9,0.8524999999999999,0.88,0.7786382692118179,Moderate (0.5-1 mi),57.692307692307686,55.94405594405595,37.23776223776224,57.692307692307686,83.3916083916084,58.129370629370634,86,Tier 3 - Moderate (25-50%)
10X118,J.H.S. 118 William W. Niles,Middle School,520.0,Crotona - Tremont,40.848702,-73.892482,34.23077011,171.9,0.8524999999999999,0.88,0.5931859794729487,Moderate (0.5-1 mi),57.692307692307686,39.86013986013986,74.82517482517483,57.692307692307686,66.78321678321679,58.05944055944056,87,Tier 3 - Moderate (25-50%)
09X109,P.S. 109 Sedgwick,Elementary,455.0,Crotona - Tremont,40.851661,-73.918991,50.32966995,171.9,0.8524999999999999,0.88,0.14560798433296554,Very Close (<0.25 mi),57.692307692307686,89.5104895104895,66.78321678321679,57.692307692307686,6.643356643356643,57.76223776223776,88,Tier 3 - Moderate (25-50%)
12X383,Emolior Academy,High School,406.0,Crotona - Tremont,40.839297,-73.879931,37.68473053,171.9,0.8524999999999999,0.88,0.5958379949786706,Moderate (0.5-1 mi),57.692307692307686,51.39860139860139,56.81818181818182,57.692307692307686,67.3076923076923,57.74475524475524,89,Tier 3 - Moderate (25-50%)
75X754,J. M. Rapport School Career Development,Other,,Hunts Point - Mott Haven,40.811051,-73.909363,,192.3,0.9125,0.95,0.4973664688573359,Close (0.25-0.5 mi),94.05594405594405,5.419580419580419,5.419580419580419,94.05594405594405,58.04195804195804,57.63111888111888,90,Tier 3 - Moderate (25-50%)
09X454,Science and Technology Academy: A Mott Hall School,High School,372.0,High Bridge - Morrisania,40.828009,-73.917705,36.29032135,178.0,0.8775,0.92,0.1942605199853488,Very Close (<0.25 mi),78.84615384615384,45.45454545454545,43.88111888111888,78.84615384615384,14.51048951048951,57.27272727272727,91,Tier 3 - Moderate (25-50%)
12X044,P.S. 044 David C. Farragut,Elementary,216.0,Crotona - Tremont,40.842564,-73.891086,50.92592621,171.9,0.8524999999999999,0.88,0.4373937378961229,Close (0.25-0.5 mi),57.692307692307686,90.20979020979021,17.832167832167833,57.692307692307686,51.048951048951054,57.22027972027972,92,Tier 3 - Moderate (25-50%)
07X522,Bronx Design and Construction Academy,High School,240.0,High Bridge - Morrisania,40.818645,-73.919949,39.16666794,178.0,0.8775,0.92,0.21303154765431873,Very Close (<0.25 mi),78.84615384615384,57.692307692307686,19.755244755244757,78.84615384615384,18.181818181818183,56.6520979020979,93,Tier 3 - Moderate (25-50%)
75X811,P.S. X811,Elementary,,Hunts Point - Mott Haven,40.830552,-73.886798,,192.3,0.9125,0.95,0.4405273912474083,Close (0.25-0.5 mi),94.05594405594405,5.419580419580419,5.419580419580419,94.05594405594405,51.39860139860139,56.63461538461538,94,Tier 3 - Moderate (25-50%)
09X294,The Walton Avenue School,Other,324.0,High Bridge - Morrisania,40.8404,-73.915879,38.27160645,178.0,0.8775,0.92,0.14570681984496964,Very Close (<0.25 mi),78.84615384615384,54.1958041958042,34.44055944055944,78.84615384615384,7.167832167832168,56.5034965034965,95,Tier 3 - Moderate (25-50%)
11X103,P.S. 103 Hector Fontanez,Elementary,881.0,Northeast Bronx,40.892198,-73.86194,43.70034027,104.6,0.6325000000000001,0.65,0.8036145329132748,Moderate (0.5-1 mi),28.146853146853147,76.22377622377621,96.15384615384616,28.146853146853147,84.96503496503497,56.48601398601399,96,Tier 3 - Moderate (25-50%)
09X311,Lucero Elementary School,Elementary,321.0,High Bridge - Morrisania,40.8404,-73.915879,38.0062294,178.0,0.8775,0.92,0.14570681984496964,Very Close (<0.25 mi),78.84615384615384,53.14685314685315,33.39160839160839,78.84615384615384,7.167832167832168,56.13636363636363,97,Tier 3 - Moderate (25-50%)
10X015,P.S. X015 Institute for Environmental Learning,Elementary,396.0,Crotona - Tremont,40.859243,-73.909763,32.32323074,171.9,0.8524999999999999,0.88,0.7786382692118179,Moderate (0.5-1 mi),57.692307692307686,33.91608391608392,51.92307692307693,57.692307692307686,83.3916083916084,55.92657342657343,98,Tier 3 - Moderate (25-50%)
09X042,P.S. 042 Claremont,Elementary,397.0,Crotona - Tremont,40.838636,-73.903243,51.38539124,171.9,0.8524999999999999,0.88,0.1435368615649399,Very Close (<0.25 mi),57.692307692307686,90.9090909090909,52.62237762237763,57.692307692307686,6.293706293706294,55.86538461538461,99,Tier 3 - Moderate (25-50%)
11X041,P.S. 041 Gun Hill Road,Elementary,693.0,Fordham - Bronx Park,40.874754,-73.867834,49.06204987,132.4,0.7549999999999999,0.78,0.3244384413093293,Close (0.25-0.5 mi),39.68531468531469,88.11188811188812,87.76223776223776,39.68531468531469,32.51748251748251,55.506993006993014,100,Tier 3 - Moderate (25-50%)
10X023,P.S. 023 The New Children's School,Elementary,387.0,Crotona - Tremont,40.853294,-73.894951,41.860466,171.9,0.8524999999999999,0.88,0.3730464705994844,Close (0.25-0.5 mi),57.692307692307686,67.48251748251748,47.55244755244755,57.692307692307686,40.20979020979021,55.50699300699301,101,Tier 3 - Moderate (25-50%)
09X204,P.S. 204 Morris Heights,Elementary,610.0,Crotona - Tremont,40.849416,-73.915217,33.11475372,171.9,0.8524999999999999,0.88,0.39219007412031853,Close (0.25-0.5 mi),57.692307692307686,37.76223776223776,81.46853146853147,57.692307692307686,44.93006993006993,55.3583916083916,102,Tier 3 - Moderate (25-50%)
09X323,Bronx Writing Academy,High School,212.0,High Bridge - Morrisania,40.832022,-73.91435,35.37735748,178.0,0.8775,0.92,0.3170887291794764,Close (0.25-0.5 mi),78.84615384615384,42.65734265734265,17.482517482517483,78.84615384615384,30.944055944055943,55.218531468531474,103,Tier 3 - Moderate (25-50%)
10X009,P.S. 9 Ryer Avenue Elementary School,Elementary,523.0,Crotona - Tremont,40.85644,-73.898821,38.24091721,171.9,0.8524999999999999,0.88,0.26634344768348356,Close (0.25-0.5 mi),57.692307692307686,53.84615384615385,75.52447552447552,57.692307692307686,27.27272727272727,55.034965034965026,104,Tier 3 - Moderate (25-50%)
09X219,I.S. 219 New Venture School,Middle School,274.0,High Bridge - Morrisania,40.833493,-73.903951,37.2262764,178.0,0.8775,0.92,0.17688013507342176,Very Close (<0.25 mi),78.84615384615384,48.6013986013986,25.524475524475527,78.84615384615384,11.188811188811188,54.650349650349646,105,Tier 3 - Moderate (25-50%)
12X066,P.S. 066 School of Higher Expectations,Elementary,521.0,Crotona - Tremont,40.831493,-73.88654,33.39731216,171.9,0.8524999999999999,0.88,0.39072751989119636,Close (0.25-0.5 mi),57.692307692307686,38.46153846153847,75.17482517482517,57.692307692307686,43.88111888111888,54.39685314685314,106,Tier 3 - Moderate (25-50%)
11X078,P.S. 078 Anne Hutchinson,Elementary,718.0,Northeast Bronx,40.878474,-73.850563,49.02507019,104.6,0.6325000000000001,0.65,0.5217218808298535,Moderate (0.5-1 mi),28.146853146853147,87.76223776223776,89.5104895104895,28.146853146853147,62.23776223776224,54.38811188811189,107,Tier 3 - Moderate (25-50%)
09X263,Validus Preparatory Academy,High School,308.0,Crotona - Tremont,40.839508,-73.901774,56.49350739,171.9,0.8524999999999999,0.88,0.15238523598517564,Very Close (<0.25 mi),57.692307692307686,96.85314685314685,31.46853146853147,57.692307692307686,8.041958041958042,54.14335664335664,108,Tier 3 - Moderate (25-50%)
10X051,The Bronx STEM and Arts Academy,High School,155.0,Crotona - Tremont,40.850674,-73.886997,41.29032135,171.9,0.8524999999999999,0.88,0.6134352832360829,Moderate (0.5-1 mi),57.692307692307686,65.03496503496503,12.237762237762238,57.692307692307686,68.88111888111888,54.02097902097902,109,Tier 3 - Moderate (25-50%)
10X279,"P.S. 279 Captain Manuel Rivera, Jr.",Elementary,679.0,Crotona - Tremont,40.854666,-73.904958,26.36229706,171.9,0.8524999999999999,0.88,0.44085853757040067,Close (0.25-0.5 mi),57.692307692307686,22.02797202797203,86.36363636363636,57.692307692307686,52.09790209790209,54.02097902097901,110,Tier 3 - Moderate (25-50%)
10X020,"PS/MS 20 P.O.George J. Werdann, III",Other,863.0,Fordham - Bronx Park,40.869482,-73.878731,43.80069351,132.4,0.7549999999999999,0.78,0.30788004901447114,Close (0.25-0.5 mi),39.68531468531469,76.57342657342657,95.45454545454545,39.68531468531469,29.895104895104897,53.959790209790214,111,Tier 3 - Moderate (25-50%)
12X316,Kappa III,Other,272.0,Crotona - Tremont,40.846128,-73.886721,36.76470566,171.9,0.8524999999999999,0.88,0.7122262626400467,Moderate (0.5-1 mi),57.692307692307686,47.2027972027972,25.174825174825177,57.692307692307686,78.67132867132867,53.86363636363636,112,Tier 3 - Moderate (25-50%)
09X004,P.S./M.S. 004 Crotona Park West,Middle School,251.0,Crotona - Tremont,40.841758,-73.897943,45.81673431,171.9,0.8524999999999999,0.88,0.34555202162902016,Close (0.25-0.5 mi),57.692307692307686,80.41958041958041,21.678321678321677,57.692307692307686,37.06293706293706,53.74125874125874,113,Tier 3 - Moderate (25-50%)
10X386,School for Environmental Citizenship,Other,597.0,Crotona - Tremont,40.855337,-73.903139,26.13065338,171.9,0.8524999999999999,0.88,0.4845123847836342,Close (0.25-0.5 mi),57.692307692307686,21.678321678321677,80.24475524475524,57.692307692307686,56.64335664335665,53.71503496503496,114,Tier 3 - Moderate (25-50%)
10X363,Academy For Personal Leadership And Excellence,High School,857.0,Fordham - Bronx Park,40.859496,-73.90049,43.40723419,132.4,0.7549999999999999,0.78,0.3086053003170146,Close (0.25-0.5 mi),39.68531468531469,74.12587412587412,95.1048951048951,39.68531468531469,30.419580419580424,53.49650349650349,115,Tier 3 - Moderate (25-50%)
12X531,Archer Elementary School,Elementary,341.0,Crotona - Tremont,40.838151,-73.866038,27.27272797,171.9,0.8524999999999999,0.88,1.031280020920254,Far (>1 mi),57.692307692307686,23.426573426573427,38.111888111888106,57.692307692307686,94.05594405594405,53.35664335664335,116,Tier 3 - Moderate (25-50%)
10X264,Bronx Academy for Software Engineering (BASE),High School,390.0,Fordham - Bronx Park,40.855392,-73.882487,52.56410217,132.4,0.7549999999999999,0.78,0.426783051825392,Close (0.25-0.5 mi),39.68531468531469,92.83216783216784,49.3006993006993,39.68531468531469,49.3006993006993,53.1993006993007,117,Tier 3 - Moderate (25-50%)
09X058,P.S. 058,Elementary,319.0,Crotona - Tremont,40.846383,-73.898826,43.57366943,171.9,0.8524999999999999,0.88,0.2941522013168393,Close (0.25-0.5 mi),57.692307692307686,75.17482517482517,32.69230769230769,57.692307692307686,29.37062937062937,53.19055944055944,118,Tier 3 - Moderate (25-50%)
09X252,Mott Hall Bronx High School,High School,335.0,Crotona - Tremont,40.839508,-73.901774,48.95522308,171.9,0.8524999999999999,0.88,0.15238523598517564,Very Close (<0.25 mi),57.692307692307686,87.41258741258741,37.23776223776224,57.692307692307686,8.041958041958042,53.120629370629366,119,Tier 3 - Moderate (25-50%)
10X447,Creston Academy,High School,433.0,Crotona - Tremont,40.855337,-73.903139,31.40877533,171.9,0.8524999999999999,0.88,0.4845123847836342,Close (0.25-0.5 mi),57.692307692307686,31.818181818181817,62.41258741258741,57.692307692307686,56.64335664335665,53.06818181818181,120,Tier 3 - Moderate (25-50%)
10X056,P.S. 056 Norwood Heights,Elementary,662.0,Fordham - Bronx Park,40.875481,-73.874912,39.42598343,132.4,0.7549999999999999,0.78,0.4933821634357334,Close (0.25-0.5 mi),39.68531468531469,58.74125874125874,85.4895104895105,39.68531468531469,57.34265734265735,53.01573426573427,121,Tier 3 - Moderate (25-50%)
10X280,P.S./M.S. 280 Mosholu Parkway,Middle School,727.0,Fordham - Bronx Park,40.876819,-73.881245,42.91609192,132.4,0.7549999999999999,0.78,0.3335391944853569,Close (0.25-0.5 mi),39.68531468531469,72.02797202797203,90.03496503496503,39.68531468531469,34.44055944055944,52.91958041958042,122,Tier 3 - Moderate (25-50%)
10X205,P.S. 205 Fiorello LaGuardia,Elementary,594.0,Fordham - Bronx Park,40.855759,-73.881753,41.41414261,132.4,0.7549999999999999,0.78,0.44112408379919243,Close (0.25-0.5 mi),39.68531468531469,65.38461538461539,79.72027972027972,39.68531468531469,52.44755244755245,52.74475524475525,123,Tier 3 - Moderate (25-50%)
07X298,Academy of Public Relations,High School,147.0,High Bridge - Morrisania,40.818703,-73.905389,31.29251671,178.0,0.8775,0.92,0.3297001445980488,Close (0.25-0.5 mi),78.84615384615384,31.46853146853147,11.538461538461538,78.84615384615384,33.39160839160839,52.4562937062937,124,Tier 3 - Moderate (25-50%)
12X286,Fannie Lou Hamer Middle School,Middle School,271.0,Crotona - Tremont,40.831493,-73.88654,41.69741821,171.9,0.8524999999999999,0.88,0.39072751989119636,Close (0.25-0.5 mi),57.692307692307686,66.43356643356644,24.825174825174827,57.692307692307686,43.88111888111888,52.43881118881119,125,Tier 3 - Moderate (25-50%)
75X186,P186X Walter J. Damrosch School,Other,,Hunts Point - Mott Haven,40.831388,-73.897797,,192.3,0.9125,0.95,0.23920661088003012,Very Close (<0.25 mi),94.05594405594405,5.419580419580419,5.419580419580419,94.05594405594405,22.377622377622377,52.281468531468526,126,Tier 3 - Moderate (25-50%)
09X568,Young Women's Leadership School of the Bronx,Other,504.0,Crotona - Tremont,40.848552,-73.909022,33.13492203,171.9,0.8524999999999999,0.88,0.2722272638571717,Close (0.25-0.5 mi),57.692307692307686,38.111888111888106,72.72727272727273,57.692307692307686,27.797202797202797,51.54720279720279,127,Tier 3 - Moderate (25-50%)
12X691,Bronx Little School,Other,339.0,Crotona - Tremont,40.838151,-73.866038,21.5339241,171.9,0.8524999999999999,0.88,1.031280020920254,Far (>1 mi),57.692307692307686,14.335664335664337,37.76223776223776,57.692307692307686,94.05594405594405,51.48601398601398,128,Tier 3 - Moderate (25-50%)
10X077,Bedford Park Elementary School,Elementary,468.0,Fordham - Bronx Park,40.872559,-73.875375,42.30769348,132.4,0.7549999999999999,0.78,0.4166304627628828,Close (0.25-0.5 mi),39.68531468531469,70.1048951048951,69.05594405594405,39.68531468531469,48.07692307692308,51.43356643356643,129,Tier 3 - Moderate (25-50%)
08X072,P.S. 072 Dr. William Dorney,Elementary,647.0,Pelham - Throgs Neck,40.823237,-73.818172,47.14064789,98.3,0.5874999999999999,0.62,1.5996590687676424,Far (>1 mi),14.160839160839162,84.26573426573427,83.91608391608392,14.160839160839162,99.3006993006993,51.41608391608392,130,Tier 3 - Moderate (25-50%)
12X129,M.S. 129 Academy for Independent Learning and Lead,Middle School,253.0,Crotona - Tremont,40.846128,-73.886721,32.80632401,171.9,0.8524999999999999,0.88,0.7122262626400467,Moderate (0.5-1 mi),57.692307692307686,36.36363636363637,22.202797202797203,57.692307692307686,78.67132867132867,51.24999999999999,131,Tier 3 - Moderate (25-50%)
09X517,Frederick Douglass Academy III Secondary School,High School,262.0,High Bridge - Morrisania,40.833493,-73.903951,30.53435135,178.0,0.8775,0.92,0.17688013507342176,Very Close (<0.25 mi),78.84615384615384,30.419580419580424,24.125874125874127,78.84615384615384,11.188811188811188,50.80419580419581,132,Tier 3 - Moderate (25-50%)
11X076,P.S. 076 The Bennington School,Elementary,648.0,Northeast Bronx,40.869059,-73.860928,47.06790161,104.6,0.6325000000000001,0.65,0.42407013645314484,Close (0.25-0.5 mi),28.146853146853147,83.91608391608392,84.26573426573427,28.146853146853147,48.6013986013986,50.786713286713294,133,Tier 3 - Moderate (25-50%)
10X246,P.S. 246 Poe Center,Elementary,497.0,Fordham - Bronx Park,40.865972,-73.8953,47.48490906,132.4,0.7549999999999999,0.78,0.23253633360870907,Very Close (<0.25 mi),39.68531468531469,84.61538461538461,72.37762237762237,39.68531468531469,20.97902097902098,50.76923076923077,134,Tier 3 - Moderate (25-50%)
09X525,Bronx Leadership Academy High School,High School,393.0,Crotona - Tremont,40.84325,-73.902969,39.44020462,171.9,0.8524999999999999,0.88,0.20100208586685891,Very Close (<0.25 mi),57.692307692307686,59.09090909090909,50.349650349650354,57.692307692307686,16.433566433566433,50.68181818181818,135,Tier 3 - Moderate (25-50%)
12X536,P.S. 536,Elementary,311.0,Crotona - Tremont,40.838151,-73.866038,21.54340744,171.9,0.8524999999999999,0.88,1.031280020920254,Far (>1 mi),57.692307692307686,14.685314685314685,31.818181818181817,57.692307692307686,94.05594405594405,50.66433566433566,136,Tier 3 - Moderate (25-50%)
10X306,P.S. 306,Elementary,416.0,Crotona - Tremont,40.850722,-73.910827,30.52884674,171.9,0.8524999999999999,0.88,0.40136175760423015,Close (0.25-0.5 mi),57.692307692307686,30.069930069930066,58.91608391608392,57.692307692307686,46.32867132867133,50.64685314685314,137,Tier 3 - Moderate (25-50%)
10X331,The Bronx School of Young Leaders,Other,372.0,Crotona - Tremont,40.850722,-73.910827,34.94623566,171.9,0.8524999999999999,0.88,0.40136175760423015,Close (0.25-0.5 mi),57.692307692307686,41.25874125874126,43.88111888111888,57.692307692307686,46.32867132867133,50.62937062937063,138,Tier 3 - Moderate (25-50%)
11X097,P.S. 097 Bronx,Elementary,627.0,Northeast Bronx,40.863524,-73.846768,39.39393997,104.6,0.6325000000000001,0.65,0.7599954782737446,Moderate (0.5-1 mi),28.146853146853147,58.39160839160839,83.21678321678321,28.146853146853147,82.51748251748252,50.61188811188811,139,Tier 3 - Moderate (25-50%)
09X117,I.S. 117 Joseph H. Wade,Middle School,365.0,Crotona - Tremont,40.848552,-73.909022,38.08219147,171.9,0.8524999999999999,0.88,0.2722272638571717,Close (0.25-0.5 mi),57.692307692307686,53.4965034965035,43.00699300699301,57.692307692307686,27.797202797202797,50.16608391608391,140,Tier 3 - Moderate (25-50%)
11X016,P.S. 016 Wakefield,Elementary,390.0,Northeast Bronx,40.902311,-73.854231,42.30769348,104.6,0.6325000000000001,0.65,1.3591987152854346,Far (>1 mi),28.146853146853147,70.1048951048951,49.3006993006993,28.146853146853147,97.55244755244755,50.12237762237762,141,Tier 3 - Moderate (25-50%)
11X180,M.S. 180 Dr. Daniel Hale Williams,Middle School,802.0,Northeast Bronx,40.874035,-73.831669,35.78553772,104.6,0.6325000000000001,0.65,0.9268206870715487,Moderate (0.5-1 mi),28.146853146853147,43.70629370629371,93.00699300699301,28.146853146853147,88.2867132867133,50.00874125874126,142,Tier 3 - Moderate (25-50%)
11X566,Pelham Gardens Middle School,Middle School,323.0,Northeast Bronx,40.863842,-73.836525,46.13003159,104.6,0.6325000000000001,0.65,1.2864617767474498,Far (>1 mi),28.146853146853147,81.11888111888112,33.91608391608392,28.146853146853147,96.32867132867133,49.83391608391609,143,Tier 3 - Moderate (25-50%)
12X211,P.S. 211,Elementary,209.0,Crotona - Tremont,40.843705,-73.890145,36.36363602,171.9,0.8524999999999999,0.88,0.5159949772501471,Moderate (0.5-1 mi),57.692307692307686,46.15384615384615,16.95804195804196,57.692307692307686,61.01398601398601,49.772727272727266,144,Tier 4 - Lower (Bottom 50%)
11X121,P.S. 121 Throop,Elementary,654.0,Northeast Bronx,40.866474,-73.85051,39.90825653,104.6,0.6325000000000001,0.65,0.6773681045548257,Moderate (0.5-1 mi),28.146853146853147,59.79020979020979,84.61538461538461,28.146853146853147,73.07692307692307,49.68531468531469,145,Tier 4 - Lower (Bottom 50%)
09X236,P.S. 236 Langston Hughes,Elementary,343.0,Crotona - Tremont,40.848907,-73.909936,37.31778336,171.9,0.8524999999999999,0.88,0.3219787401586027,Close (0.25-0.5 mi),57.692307692307686,48.95104895104895,39.68531468531469,57.692307692307686,31.818181818181817,49.36188811188811,146,Tier 4 - Lower (Bottom 50%)
12X314,Fairmont Neighborhood School,Other,284.0,Crotona - Tremont,40.834188,-73.886995,41.1971817,171.9,0.8524999999999999,0.88,0.23567756120913788,Very Close (<0.25 mi),57.692307692307686,64.6853146853147,27.0979020979021,57.692307692307686,21.503496503496503,49.073426573426566,147,Tier 4 - Lower (Bottom 50%)
09X088,P.S. X088 - S. Silverstein Little Sparrow School,Elementary,104.0,High Bridge - Morrisania,40.837019,-73.913523,29.80769157,178.0,0.8775,0.92,0.19418805229793715,Very Close (<0.25 mi),78.84615384615384,29.37062937062937,10.839160839160838,78.84615384615384,13.636363636363635,48.96853146853147,148,Tier 4 - Lower (Bottom 50%)
09X170,P.S. 170,Elementary,152.0,High Bridge - Morrisania,40.844367,-73.913253,28.94736862,178.0,0.8775,0.92,0.19618313310166358,Very Close (<0.25 mi),78.84615384615384,27.27272727272727,11.888111888111888,78.84615384615384,15.384615384615385,48.96853146853147,148,Tier 4 - Lower (Bottom 50%)
09X163,P.S. 163 Arthur A. Schomburg,Elementary,343.0,Crotona - Tremont,40.8517,-73.899005,35.56851196,171.9,0.8524999999999999,0.88,0.3422510433890356,Close (0.25-0.5 mi),57.692307692307686,43.00699300699301,39.68531468531469,57.692307692307686,36.36363636363637,48.8548951048951,150,Tier 4 - Lower (Bottom 50%)
10X524,Crotona International High School,High School,395.0,Fordham - Bronx Park,40.855392,-73.882487,42.27848053,132.4,0.7549999999999999,0.78,0.426783051825392,Close (0.25-0.5 mi),39.68531468531469,69.58041958041959,51.22377622377622,39.68531468531469,49.3006993006993,48.83741258741259,151,Tier 4 - Lower (Bottom 50%)
10X308,Bronx Dance Academy School,High School,277.0,Fordham - Bronx Park,40.885428,-73.878051,42.23826599,132.4,0.7549999999999999,0.78,0.6860663679196538,Moderate (0.5-1 mi),39.68531468531469,69.23076923076923,25.874125874125873,39.68531468531469,74.12587412587412,48.688811188811194,152,Tier 4 - Lower (Bottom 50%)
11X270,Academy for Scholarship and Entrepreneurship: A Co,High School,469.0,Northeast Bronx,40.888242,-73.852714,41.79104614,104.6,0.6325000000000001,0.65,0.6520672073064693,Moderate (0.5-1 mi),28.146853146853147,67.13286713286713,69.58041958041959,28.146853146853147,71.32867132867133,48.63636363636364,153,Tier 4 - Lower (Bottom 50%)
10X391,The Angelo Patri Middle School,Middle School,381.0,Crotona - Tremont,40.854257,-73.897404,32.8083992,171.9,0.8524999999999999,0.88,0.3376689879257542,Close (0.25-0.5 mi),57.692307692307686,36.71328671328671,46.32867132867133,57.692307692307686,35.48951048951049,48.46153846153846,154,Tier 4 - Lower (Bottom 50%)
11X144,J.H.S. 144 Michelangelo,Middle School,410.0,Northeast Bronx,40.863842,-73.836525,38.53658676,104.6,0.6325000000000001,0.65,1.2864617767474498,Far (>1 mi),28.146853146853147,54.89510489510489,57.692307692307686,28.146853146853147,96.32867132867133,48.15559440559441,155,Tier 4 - Lower (Bottom 50%)
10X565,High School for Energy and Technology,High School,348.0,Fordham - Bronx Park,40.855392,-73.882487,43.39080429,132.4,0.7549999999999999,0.78,0.426783051825392,Close (0.25-0.5 mi),39.68531468531469,73.77622377622379,41.08391608391608,39.68531468531469,49.3006993006993,48.15559440559441,155,Tier 4 - Lower (Bottom 50%)
11X096,P.S. 096 Richard Rodgers,Elementary,938.0,Fordham - Bronx Park,40.86073,-73.868986,29.63752747,132.4,0.7549999999999999,0.78,0.43195602434776553,Close (0.25-0.5 mi),39.68531468531469,29.02097902097902,97.2027972027972,39.68531468531469,50.6993006993007,47.83216783216783,157,Tier 4 - Lower (Bottom 50%)
09X231,Eagle Academy for Young Men,High School,457.0,Crotona - Tremont,40.845366,-73.897479,17.06783295,171.9,0.8524999999999999,0.88,0.3901672304045213,Close (0.25-0.5 mi),57.692307692307686,11.888111888111888,67.13286713286713,57.692307692307686,43.35664335664335,47.79720279720279,158,Tier 4 - Lower (Bottom 50%)
08X152,P.S. 152 Evergreen,Elementary,727.0,Pelham - Throgs Neck,40.823941,-73.880479,43.46630096,98.3,0.5874999999999999,0.62,0.7378211642785638,Moderate (0.5-1 mi),14.160839160839162,74.82517482517483,90.03496503496503,14.160839160839162,80.41958041958041,47.61363636363636,159,Tier 4 - Lower (Bottom 50%)
12X190,E.S.M.T- I.S. 190,Middle School,243.0,Crotona - Tremont,40.836156,-73.892784,43.20987701,171.9,0.8524999999999999,0.88,0.1148104580656147,Very Close (<0.25 mi),57.692307692307686,73.07692307692307,20.62937062937063,57.692307692307686,5.06993006993007,47.31643356643356,160,Tier 4 - Lower (Bottom 50%)
10X390,M.S. 390,Middle School,333.0,Crotona - Tremont,40.854335,-73.913016,26.12612534,171.9,0.8524999999999999,0.88,0.46813761725130476,Close (0.25-0.5 mi),57.692307692307686,21.328671328671327,36.71328671328671,57.692307692307686,54.37062937062937,46.77447552447552,161,Tier 4 - Lower (Bottom 50%)
10X080,J.H.S. 080 The Mosholu Parkway,Middle School,621.0,Fordham - Bronx Park,40.876819,-73.881245,36.39291382,132.4,0.7549999999999999,0.78,0.3335391944853569,Close (0.25-0.5 mi),39.68531468531469,46.50349650349651,82.86713286713287,39.68531468531469,34.44055944055944,46.73951048951049,162,Tier 4 - Lower (Bottom 50%)
09X365,Academy for Language and Technology,High School,380.0,Crotona - Tremont,40.849416,-73.915217,25.78947449,171.9,0.8524999999999999,0.88,0.39219007412031853,Close (0.25-0.5 mi),57.692307692307686,20.62937062937063,45.629370629370634,57.692307692307686,44.93006993006993,46.55594405594405,163,Tier 4 - Lower (Bottom 50%)
75X017,P.S. X017,Elementary,,High Bridge - Morrisania,40.818703,-73.905389,,178.0,0.8775,0.92,0.3297001445980488,Close (0.25-0.5 mi),78.84615384615384,5.419580419580419,5.419580419580419,78.84615384615384,33.39160839160839,46.32867132867133,164,Tier 4 - Lower (Bottom 50%)
07X379,Jill Chaifetz Transfer High School,High School,,High Bridge - Morrisania,40.818703,-73.905389,,178.0,0.8775,0.92,0.3297001445980488,Close (0.25-0.5 mi),78.84615384615384,5.419580419580419,5.419580419580419,78.84615384615384,33.39160839160839,46.32867132867133,164,Tier 4 - Lower (Bottom 50%)
09X215,Kappa,Other,161.0,High Bridge - Morrisania,40.833493,-73.903951,23.60248375,178.0,0.8775,0.92,0.17688013507342176,Very Close (<0.25 mi),78.84615384615384,16.433566433566433,12.587412587412588,78.84615384615384,11.188811188811188,46.27622377622377,166,Tier 4 - Lower (Bottom 50%)
10X226,P.S. 226,Elementary,342.0,Crotona - Tremont,40.855822,-73.916076,28.36257362,171.9,0.8524999999999999,0.88,0.3731761536080417,Close (0.25-0.5 mi),57.692307692307686,26.223776223776223,38.63636363636363,57.692307692307686,40.55944055944056,45.97027972027972,167,Tier 4 - Lower (Bottom 50%)
08X093,P.S. 093 Albert G. Oliver,Elementary,404.0,Pelham - Throgs Neck,40.822522,-73.877274,48.51485062,98.3,0.5874999999999999,0.62,0.8944073132325654,Moderate (0.5-1 mi),14.160839160839162,86.7132867132867,56.11888111888111,14.160839160839162,86.7132867132867,45.8479020979021,168,Tier 4 - Lower (Bottom 50%)
08X014,P.S. X014 Senator John Calandra,Elementary,764.0,Pelham - Throgs Neck,40.835318,-73.826277,40.05235672,98.3,0.5874999999999999,0.62,0.7607228370347383,Moderate (0.5-1 mi),14.160839160839162,60.48951048951049,92.3076923076923,14.160839160839162,82.86713286713287,45.45454545454545,169,Tier 4 - Lower (Bottom 50%)
08X559,School for Tourism and Hospitality,Other,,High Bridge - Morrisania,40.821723,-73.902892,,178.0,0.8775,0.92,0.2605888920584935,Close (0.25-0.5 mi),78.84615384615384,5.419580419580419,5.419580419580419,78.84615384615384,26.923076923076923,45.35839160839161,170,Tier 4 - Lower (Bottom 50%)
10X037,P.S. X037 - Multiple Intelligence School,Elementary,485.0,Kingsbridge - Riverdale,40.877935,-73.913694,53.81443405,44.8,0.5125,0.45,1.063378844684578,Far (>1 mi),2.972027972027972,94.75524475524476,70.8041958041958,2.972027972027972,94.93006993006993,45.2972027972028,171,Tier 4 - Lower (Bottom 50%)
09X232,I.S. 232,Middle School,279.0,Crotona - Tremont,40.849416,-73.915217,29.39068031,171.9,0.8524999999999999,0.88,0.39219007412031853,Close (0.25-0.5 mi),57.692307692307686,28.671328671328673,26.223776223776223,57.692307692307686,44.93006993006993,45.25349650349651,172,Tier 4 - Lower (Bottom 50%)
11X556,Bronx Park Middle School,Middle School,331.0,Fordham - Bronx Park,40.862098,-73.865028,46.22356415,132.4,0.7549999999999999,0.78,0.2520886019817358,Close (0.25-0.5 mi),39.68531468531469,81.46853146853147,35.31468531468531,39.68531468531469,24.825174825174827,45.15734265734266,173,Tier 4 - Lower (Bottom 50%)
11X455,Harry S Truman High School,High School,1806.0,Northeast Bronx,40.874035,-73.831669,21.4285717,104.6,0.6325000000000001,0.65,0.9268206870715487,Moderate (0.5-1 mi),28.146853146853147,13.986013986013987,100.0,28.146853146853147,88.2867132867133,45.11363636363636,174,Tier 4 - Lower (Bottom 50%)
11X181,I.S. 181 Pablo Casals,Middle School,509.0,Northeast Bronx,40.874035,-73.831669,32.02357483,104.6,0.6325000000000001,0.65,0.9268206870715487,Moderate (0.5-1 mi),28.146853146853147,33.21678321678322,74.12587412587412,28.146853146853147,88.2867132867133,45.07867132867133,175,Tier 4 - Lower (Bottom 50%)
07X359,Concourse Village Elementary School,Elementary,218.0,High Bridge - Morrisania,40.823014,-73.922527,7.339449406,178.0,0.8775,0.92,0.07863907283302006,Very Close (<0.25 mi),78.84615384615384,10.839160839160838,18.53146853146853,78.84615384615384,2.797202797202797,44.790209790209786,176,Tier 4 - Lower (Bottom 50%)
10X086,P.S. 086 Kingsbridge Heights,Elementary,1163.0,Fordham - Bronx Park,40.869061,-73.897066,37.40326691,132.4,0.7549999999999999,0.78,0.0,,39.68531468531469,50.0,98.25174825174825,39.68531468531469,1.2237762237762237,44.76398601398601,177,Tier 4 - Lower (Bottom 50%)
11X326,Bronx Green Middle School,Middle School,380.0,Fordham - Bronx Park,40.862098,-73.865028,42.63158035,132.4,0.7549999999999999,0.78,0.2520886019817358,Close (0.25-0.5 mi),39.68531468531469,71.67832167832168,45.629370629370634,39.68531468531469,24.825174825174827,44.7465034965035,178,Tier 4 - Lower (Bottom 50%)
10X046,P.S. 046 Edgar Allan Poe,Elementary,663.0,Fordham - Bronx Park,40.867169,-73.890402,30.46757126,132.4,0.7549999999999999,0.78,0.37194510292063654,Close (0.25-0.5 mi),39.68531468531469,29.72027972027972,86.01398601398601,39.68531468531469,39.51048951048951,44.61538461538462,179,Tier 4 - Lower (Bottom 50%)
08X123,J.H.S. 123 James M. Kieran,Middle School,511.0,Pelham - Throgs Neck,40.824989,-73.874162,41.09589005,98.3,0.5874999999999999,0.62,0.9882891387703466,Moderate (0.5-1 mi),14.160839160839162,63.98601398601399,74.47552447552448,14.160839160839162,90.38461538461539,44.60664335664336,180,Tier 4 - Lower (Bottom 50%)
08X107,P.S. 107,Elementary,451.0,Pelham - Throgs Neck,40.819221,-73.868735,46.78492355,98.3,0.5874999999999999,0.62,0.6836515491250932,Moderate (0.5-1 mi),14.160839160839162,82.51748251748252,66.08391608391608,14.160839160839162,73.77622377622379,44.56293706293707,181,Tier 4 - Lower (Bottom 50%)
11X019,P.S. 019 Judith K. Weiss,Elementary,702.0,Northeast Bronx,40.899351,-73.866949,17.09401703,104.6,0.6325000000000001,0.65,1.3405099537054521,Far (>1 mi),28.146853146853147,12.237762237762238,88.11188811188812,28.146853146853147,97.2027972027972,44.31818181818182,182,Tier 4 - Lower (Bottom 50%)
08X304,P.S. 304 Early Childhood School,Elementary,586.0,Pelham - Throgs Neck,40.82708,-73.829211,39.07849884,98.3,0.5874999999999999,0.62,1.0312633640566373,Far (>1 mi),14.160839160839162,56.993006993006986,79.02097902097903,14.160839160839162,93.00699300699301,44.28321678321678,183,Tier 4 - Lower (Bottom 50%)
08X036,P.S. 036 Unionport,Elementary,730.0,Pelham - Throgs Neck,40.82948,-73.849791,40.95890427,98.3,0.5874999999999999,0.62,0.6549363031556736,Moderate (0.5-1 mi),14.160839160839162,63.286713286713294,90.55944055944056,14.160839160839162,72.02797202797203,44.125874125874134,184,Tier 4 - Lower (Bottom 50%)
11X089,P.S. 089 Bronx,Elementary,1254.0,Northeast Bronx,40.862481,-73.859254,42.02551651,104.6,0.6325000000000001,0.65,0.16053643293277198,Very Close (<0.25 mi),28.146853146853147,68.88111888111888,98.95104895104895,28.146853146853147,9.090909090909092,44.05594405594406,185,Tier 4 - Lower (Bottom 50%)
07X381,Bronx Haven High School,High School,,High Bridge - Morrisania,40.818645,-73.919949,,178.0,0.8775,0.92,0.21303154765431873,Very Close (<0.25 mi),78.84615384615384,5.419580419580419,5.419580419580419,78.84615384615384,18.181818181818183,44.04720279720279,186,Tier 4 - Lower (Bottom 50%)
11X106,P.S. 106 Parkchester,Elementary,895.0,Pelham - Throgs Neck,40.836974,-73.854823,36.87150955,98.3,0.5874999999999999,0.62,0.8198624108063095,Moderate (0.5-1 mi),14.160839160839162,47.9020979020979,96.5034965034965,14.160839160839162,85.3146853146853,43.93356643356643,187,Tier 4 - Lower (Bottom 50%)
09X303,I.S. X303 Leadership & Community Service,Middle School,306.0,Crotona - Tremont,40.849416,-73.915217,24.50980377,171.9,0.8524999999999999,0.88,0.39219007412031853,Close (0.25-0.5 mi),57.692307692307686,17.832167832167833,31.11888111888112,57.692307692307686,44.93006993006993,43.81993006993007,188,Tier 4 - Lower (Bottom 50%)
08X467,Mott Hall Community School,Other,284.0,Pelham - Throgs Neck,40.826794,-73.818083,49.29577637,98.3,0.5874999999999999,0.62,1.4380419714453594,Far (>1 mi),14.160839160839162,88.46153846153845,27.0979020979021,14.160839160839162,98.25174825174825,43.57517482517482,189,Tier 4 - Lower (Bottom 50%)
11X111,P.S. 111 Seton Falls,Elementary,448.0,Northeast Bronx,40.884371,-73.839288,53.3482132,104.6,0.6325000000000001,0.65,0.11456223941105849,Very Close (<0.25 mi),28.146853146853147,94.05594405594405,65.73426573426573,28.146853146853147,4.545454545454546,43.42657342657343,190,Tier 4 - Lower (Bottom 50%)
12X047,P.S. 047 John Randolph,Elementary,868.0,Pelham - Throgs Neck,40.832529,-73.866974,35.02304077,98.3,0.5874999999999999,0.62,0.9717389682786819,Moderate (0.5-1 mi),14.160839160839162,41.95804195804196,95.8041958041958,14.160839160839162,89.86013986013987,43.32167832167832,191,Tier 4 - Lower (Bottom 50%)
10X054,P.S./I.S. 54,Middle School,374.0,Fordham - Bronx Park,40.864872,-73.88794,37.96791458,132.4,0.7549999999999999,0.78,0.37525280498232483,Close (0.25-0.5 mi),39.68531468531469,52.44755244755245,44.40559440559441,39.68531468531469,40.909090909090914,43.12937062937063,192,Tier 4 - Lower (Bottom 50%)
10X396,P.S. 396,Elementary,241.0,Crotona - Tremont,40.854335,-73.913016,22.4066391,171.9,0.8524999999999999,0.88,0.46813761725130476,Close (0.25-0.5 mi),57.692307692307686,15.384615384615385,20.27972027972028,57.692307692307686,54.37062937062937,43.12062937062937,193,Tier 4 - Lower (Bottom 50%)
10X045,Thomas C. Giordano Middle School 45,Middle School,467.0,Fordham - Bronx Park,40.858389,-73.887026,39.61455917,132.4,0.7549999999999999,0.78,0.11189714039610632,Very Close (<0.25 mi),39.68531468531469,59.44055944055944,68.53146853146853,39.68531468531469,4.195804195804196,42.63986013986014,194,Tier 4 - Lower (Bottom 50%)
08X392,Bronx Delta School,Other,430.0,Pelham - Throgs Neck,40.826794,-73.818083,38.83720779,98.3,0.5874999999999999,0.62,1.4380419714453594,Far (>1 mi),14.160839160839162,56.29370629370629,61.713286713286706,14.160839160839162,98.25174825174825,42.33391608391608,195,Tier 4 - Lower (Bottom 50%)
08X562,Blueprint Middle School,Middle School,597.0,Pelham - Throgs Neck,40.829153,-73.857882,41.70854187,98.3,0.5874999999999999,0.62,0.5577079661850781,Moderate (0.5-1 mi),14.160839160839162,66.78321678321679,80.24475524475524,14.160839160839162,65.38461538461539,42.28146853146853,196,Tier 4 - Lower (Bottom 50%)
11X112,P.S. 112 Bronxwood,Elementary,398.0,Northeast Bronx,40.88494,-73.843977,46.98492432,104.6,0.6325000000000001,0.65,0.23606233078029565,Very Close (<0.25 mi),28.146853146853147,83.56643356643356,53.32167832167832,28.146853146853147,22.02797202797203,42.08916083916084,197,Tier 4 - Lower (Bottom 50%)
12X061,P.S. 061 Francisco Oller,Elementary,195.0,Crotona - Tremont,40.836156,-73.892784,37.43589783,171.9,0.8524999999999999,0.88,0.1148104580656147,Very Close (<0.25 mi),57.692307692307686,50.349650349650354,15.734265734265735,57.692307692307686,5.06993006993007,42.03671328671329,198,Tier 4 - Lower (Bottom 50%)
75X188,P.S. X188,Elementary,,Crotona - Tremont,40.850168,-73.883877,,171.9,0.8524999999999999,0.88,0.6887259211503863,Moderate (0.5-1 mi),57.692307692307686,5.419580419580419,5.419580419580419,57.692307692307686,74.82517482517483,41.96678321678321,199,Tier 4 - Lower (Bottom 50%)
12X458,Samara Community School,Other,342.0,Crotona - Tremont,40.834188,-73.886995,25.14619827,171.9,0.8524999999999999,0.88,0.23567756120913788,Very Close (<0.25 mi),57.692307692307686,19.93006993006993,38.63636363636363,57.692307692307686,21.503496503496503,41.853146853146846,200,Tier 4 - Lower (Bottom 50%)
11X068,P.S. 068 Bronx,Elementary,540.0,Northeast Bronx,40.891603,-73.83888,37.0370369,104.6,0.6325000000000001,0.65,0.38927642329471795,Close (0.25-0.5 mi),28.146853146853147,48.25174825174825,76.3986013986014,28.146853146853147,43.00699300699301,41.634615384615394,201,Tier 4 - Lower (Bottom 50%)
12X478,The Cinema School,Other,319.0,Pelham - Throgs Neck,40.832508,-73.878191,51.09717941,98.3,0.5874999999999999,0.62,0.6977992668893075,Moderate (0.5-1 mi),14.160839160839162,90.55944055944056,32.69230769230769,14.160839160839162,76.57342657342657,41.58216783216783,202,Tier 4 - Lower (Bottom 50%)
12X212,P.S. 212,Elementary,,High Bridge - Morrisania,40.828406,-73.900121,,178.0,0.8775,0.92,0.0,,78.84615384615384,5.419580419580419,5.419580419580419,78.84615384615384,1.2237762237762237,41.5034965034965,204,Tier 4 - Lower (Bottom 50%)
09X404,School for Excellence,Other,,High Bridge - Morrisania,40.827455,-73.90392,,178.0,0.8775,0.92,0.0,,78.84615384615384,5.419580419580419,5.419580419580419,78.84615384615384,1.2237762237762237,41.5034965034965,204,Tier 4 - Lower (Bottom 50%)
07X151,J.H.S. 151 Lou Gehrig,Middle School,,High Bridge - Morrisania,40.822574,-73.92114,,178.0,0.8775,0.92,0.0,,78.84615384615384,5.419580419580419,5.419580419580419,78.84615384615384,1.2237762237762237,41.5034965034965,204,Tier 4 - Lower (Bottom 50%)
10X340,P.S. 340,Elementary,604.0,Fordham - Bronx Park,40.869407,-73.897171,36.25827789,132.4,0.7549999999999999,0.78,0.0245292145976937,Very Close (<0.25 mi),39.68531468531469,44.75524475524475,81.11888111888112,39.68531468531469,2.4475524475524475,41.328671328671334,206,Tier 4 - Lower (Bottom 50%)
11X483,The Matilda Avenue School,Other,256.0,Northeast Bronx,40.901436,-73.854402,36.328125,104.6,0.6325000000000001,0.65,1.314713648256945,Far (>1 mi),28.146853146853147,45.8041958041958,23.076923076923077,28.146853146853147,96.85314685314685,41.22377622377622,207,Tier 4 - Lower (Bottom 50%)
11X462,Cornerstone Academy for Social Action Middle Schoo,Middle School,179.0,Northeast Bronx,40.882778,-73.830616,43.57542038,104.6,0.6325000000000001,0.65,0.5233840865646124,Moderate (0.5-1 mi),28.146853146853147,75.52447552447552,14.335664335664337,28.146853146853147,62.76223776223776,40.74300699300699,208,Tier 4 - Lower (Bottom 50%)
11X153,P.S. 153 Helen Keller,Elementary,458.0,Northeast Bronx,40.874035,-73.831669,22.92576408,104.6,0.6325000000000001,0.65,0.9268206870715487,Moderate (0.5-1 mi),28.146853146853147,15.734265734265735,67.48251748251748,28.146853146853147,88.2867132867133,40.58566433566433,209,Tier 4 - Lower (Bottom 50%)
08X071,P.S. 071 Rose E. Scala,Elementary,1139.0,Pelham - Throgs Neck,40.845379,-73.829562,34.85513687,98.3,0.5874999999999999,0.62,0.6514112910046724,Moderate (0.5-1 mi),14.160839160839162,40.909090909090914,97.9020979020979,14.160839160839162,70.62937062937063,40.54195804195804,210,Tier 4 - Lower (Bottom 50%)
12X196,P.S. 196,Elementary,744.0,Pelham - Throgs Neck,40.830811,-73.877305,32.66128922,98.3,0.5874999999999999,0.62,0.7895837203343706,Moderate (0.5-1 mi),14.160839160839162,35.66433566433567,91.25874125874127,14.160839160839162,84.0909090909091,40.51573426573427,211,Tier 4 - Lower (Bottom 50%)
10X213,Bronx Engineering and Technology Academy,High School,344.0,Kingsbridge - Riverdale,40.877379,-73.912686,56.3953476,44.8,0.5125,0.45,0.9982001892234688,Moderate (0.5-1 mi),2.972027972027972,95.8041958041958,40.55944055944056,2.972027972027972,91.6083916083916,40.47202797202797,212,Tier 4 - Lower (Bottom 50%)
10X319,Providing Urban Learners Success In Education High,Other,,Crotona - Tremont,40.848385,-73.893744,,171.9,0.8524999999999999,0.88,0.5267162834581457,Moderate (0.5-1 mi),57.692307692307686,5.419580419580419,5.419580419580419,57.692307692307686,63.98601398601399,40.340909090909086,213,Tier 4 - Lower (Bottom 50%)
10X206,I.S. 206 Ann Mersereau,Middle School,258.0,Fordham - Bronx Park,40.859534,-73.906285,31.78294563,132.4,0.7549999999999999,0.78,0.6091764468492696,Moderate (0.5-1 mi),39.68531468531469,32.86713286713287,23.426573426573427,39.68531468531469,68.18181818181817,40.15734265734266,214,Tier 4 - Lower (Bottom 50%)
75X352,The Vida Bogart School for All Children,Other,,Crotona - Tremont,40.840445,-73.882531,,171.9,0.8524999999999999,0.88,0.5116200268534349,Moderate (0.5-1 mi),57.692307692307686,5.419580419580419,5.419580419580419,57.692307692307686,60.31468531468531,39.790209790209786,215,Tier 4 - Lower (Bottom 50%)
10X284,Bronx School of Law and Finance,Other,362.0,Kingsbridge - Riverdale,40.877379,-73.912686,50.82872772,44.8,0.5125,0.45,0.9982001892234688,Moderate (0.5-1 mi),2.972027972027972,89.86013986013987,42.65734265734265,2.972027972027972,91.6083916083916,39.59790209790209,216,Tier 4 - Lower (Bottom 50%)
11X087,P.S. 087 Bronx,Elementary,348.0,Northeast Bronx,40.895741,-73.846198,32.47126389,104.6,0.6325000000000001,0.65,0.7541197613031579,Moderate (0.5-1 mi),28.146853146853147,34.96503496503497,41.08391608391608,28.146853146853147,82.16783216783216,39.5541958041958,217,Tier 4 - Lower (Bottom 50%)
10X382,"Elementary School for Math, Science, and Technolog",Elementary,,Crotona - Tremont,40.855337,-73.903139,,171.9,0.8524999999999999,0.88,0.4845123847836342,Close (0.25-0.5 mi),57.692307692307686,5.419580419580419,5.419580419580419,57.692307692307686,56.64335664335665,39.23951048951048,218,Tier 4 - Lower (Bottom 50%)
11X021,P.S. 021 Philip H. Sheridan,Elementary,466.0,Northeast Bronx,40.887888,-73.85942,30.6866951,104.6,0.6325000000000001,0.65,0.5015552827192182,Moderate (0.5-1 mi),28.146853146853147,30.76923076923077,68.18181818181817,28.146853146853147,58.39160839160839,39.21328671328671,219,Tier 4 - Lower (Bottom 50%)
12X195,P.S. 195,Elementary,765.0,Pelham - Throgs Neck,40.830811,-73.877305,29.01960754,98.3,0.5874999999999999,0.62,0.7895837203343706,Moderate (0.5-1 mi),14.160839160839162,27.62237762237762,92.65734265734265,14.160839160839162,84.0909090909091,39.11713286713287,220,Tier 4 - Lower (Bottom 50%)
11X249,Bronx Health Sciences High School,High School,361.0,Northeast Bronx,40.874035,-73.831669,28.80886459,104.6,0.6325000000000001,0.65,0.9268206870715487,Moderate (0.5-1 mi),28.146853146853147,26.923076923076923,42.30769230769231,28.146853146853147,88.2867132867133,39.0472027972028,221,Tier 4 - Lower (Bottom 50%)
11X178,P.S. 178 - Dr. Selman Waksman,Elementary,371.0,Northeast Bronx,40.874035,-73.831669,28.03234482,104.6,0.6325000000000001,0.65,0.9268206870715487,Moderate (0.5-1 mi),28.146853146853147,25.524475524475527,43.35664335664335,28.146853146853147,88.2867132867133,38.92482517482517,222,Tier 4 - Lower (Bottom 50%)
08X138,P.S. 138 Samuel Randall,Elementary,556.0,Pelham - Throgs Neck,40.822288,-73.853157,53.05755234,98.3,0.5874999999999999,0.62,0.16276010721471143,Very Close (<0.25 mi),14.160839160839162,93.35664335664336,77.7972027972028,14.160839160839162,9.79020979020979,38.88986013986014,223,Tier 4 - Lower (Bottom 50%)
10X209,P.S. 209,Elementary,168.0,Crotona - Tremont,40.856834,-73.897635,28.5714283,171.9,0.8524999999999999,0.88,0.20061361063775415,Very Close (<0.25 mi),57.692307692307686,26.573426573426573,13.286713286713287,57.692307692307686,16.083916083916083,38.56643356643357,224,Tier 4 - Lower (Bottom 50%)
10X546,Bronx Theatre High School,High School,249.0,Kingsbridge - Riverdale,40.877379,-73.912686,68.67469788,44.8,0.5125,0.45,0.9982001892234688,Moderate (0.5-1 mi),2.972027972027972,99.65034965034964,21.328671328671327,2.972027972027972,91.6083916083916,38.35664335664336,225,Tier 4 - Lower (Bottom 50%)
08X100,P.S. 100 Isaac Clason,Elementary,472.0,Pelham - Throgs Neck,40.822552,-73.86276,43.4322052,98.3,0.5874999999999999,0.62,0.3688392858387113,Close (0.25-0.5 mi),14.160839160839162,74.47552447552448,70.27972027972028,14.160839160839162,38.81118881118881,38.33916083916084,226,Tier 4 - Lower (Bottom 50%)
11X189,Cornerstone Academy for Social Action,High School,287.0,Northeast Bronx,40.882778,-73.830616,37.97909546,104.6,0.6325000000000001,0.65,0.5233840865646124,Moderate (0.5-1 mi),28.146853146853147,52.7972027972028,28.321678321678323,28.146853146853147,62.76223776223776,38.29545454545455,227,Tier 4 - Lower (Bottom 50%)
12X242,Mott Hall V,Other,662.0,Pelham - Throgs Neck,40.832508,-73.878191,32.3262825,98.3,0.5874999999999999,0.62,0.6977992668893075,Moderate (0.5-1 mi),14.160839160839162,34.26573426573427,85.4895104895105,14.160839160839162,76.57342657342657,38.24300699300699,228,Tier 4 - Lower (Bottom 50%)
12X388,Pan American International High School at Monroe,High School,389.0,Pelham - Throgs Neck,40.832508,-73.878191,40.35989761,98.3,0.5874999999999999,0.62,0.6977992668893075,Moderate (0.5-1 mi),14.160839160839162,61.88811188811189,48.42657342657343,14.160839160839162,76.57342657342657,38.20804195804195,229,Tier 4 - Lower (Bottom 50%)
11X127,J.H.S. 127 The Castle Hill,Middle School,839.0,Pelham - Throgs Neck,40.838759,-73.853203,27.41358757,98.3,0.5874999999999999,0.62,0.715446005510511,Moderate (0.5-1 mi),14.160839160839162,24.825174825174827,94.4055944055944,14.160839160839162,79.54545454545455,38.13811188811189,230,Tier 4 - Lower (Bottom 50%)
12X521,The Metropolitan Soundview High School,High School,403.0,Pelham - Throgs Neck,40.832508,-73.878191,38.70967865,98.3,0.5874999999999999,0.62,0.6977992668893075,Moderate (0.5-1 mi),14.160839160839162,55.59440559440559,55.24475524475524,14.160839160839162,76.57342657342657,37.972027972027966,231,Tier 4 - Lower (Bottom 50%)
08X337,The School for Inquiry and Social Justice,Other,404.0,Pelham - Throgs Neck,40.824989,-73.874162,35.64356613,98.3,0.5874999999999999,0.62,0.9882891387703466,Moderate (0.5-1 mi),14.160839160839162,43.35664335664335,56.11888111888111,14.160839160839162,90.38461538461539,37.72727272727273,232,Tier 4 - Lower (Bottom 50%)
11X160,P.S. 160 Walt Disney,Elementary,305.0,Northeast Bronx,40.864073,-73.823816,25.24590111,104.6,0.6325000000000001,0.65,1.7271722617772904,Far (>1 mi),28.146853146853147,20.27972027972028,30.594405594405593,28.146853146853147,99.65034965034964,37.66608391608391,233,Tier 4 - Lower (Bottom 50%)
08X119,The Dr. Emmett W. Bassett School,Other,565.0,Pelham - Throgs Neck,40.828474,-73.857392,37.34513092,98.3,0.5874999999999999,0.62,0.5071662163827109,Moderate (0.5-1 mi),14.160839160839162,49.3006993006993,78.32167832167832,14.160839160839162,59.09090909090909,37.55244755244755,234,Tier 4 - Lower (Bottom 50%)
10X207,P.S. 207,Elementary,423.0,Kingsbridge - Riverdale,40.878327,-73.906197,42.55319214,44.8,0.5125,0.45,0.7984586300440407,Moderate (0.5-1 mi),2.972027972027972,70.97902097902097,60.66433566433567,2.972027972027972,84.61538461538461,37.47377622377623,235,Tier 4 - Lower (Bottom 50%)
10X254,I.S. 254,Middle School,452.0,Fordham - Bronx Park,40.858721,-73.889878,31.63716888,132.4,0.7549999999999999,0.78,0.08329349737817254,Very Close (<0.25 mi),39.68531468531469,32.51748251748251,66.43356643356644,39.68531468531469,3.146853146853147,36.78321678321679,236,Tier 4 - Lower (Bottom 50%)
11X514,The Bronxwood Preparatory Academy,High School,429.0,Northeast Bronx,40.888242,-73.852714,20.74592018,104.6,0.6325000000000001,0.65,0.6520672073064693,Moderate (0.5-1 mi),28.146853146853147,13.636363636363635,61.18881118881119,28.146853146853147,71.32867132867133,36.67832167832168,237,Tier 4 - Lower (Bottom 50%)
10X696,High School of American Studies at Lehman College,High School,395.0,Fordham - Bronx Park,40.874725,-73.895543,7.848101139,132.4,0.7549999999999999,0.78,0.3993768846643857,Close (0.25-0.5 mi),39.68531468531469,11.188811188811188,51.22377622377622,39.68531468531469,45.8041958041958,36.63461538461539,238,Tier 4 - Lower (Bottom 50%)
08X101,M.S. X101 Edward R. Byrne,Middle School,588.0,Pelham - Throgs Neck,40.82708,-73.829211,24.14966011,98.3,0.5874999999999999,0.62,1.0312633640566373,Far (>1 mi),14.160839160839162,17.482517482517483,79.37062937062937,14.160839160839162,93.00699300699301,36.43356643356643,239,Tier 4 - Lower (Bottom 50%)
11X194,P.S./M.S. 194,Middle School,1243.0,Pelham - Throgs Neck,40.83541,-73.846594,31.2148037,98.3,0.5874999999999999,0.62,0.47465901512376285,Close (0.25-0.5 mi),14.160839160839162,31.11888111888112,98.6013986013986,14.160839160839162,55.59440559440559,36.43356643356643,239,Tier 4 - Lower (Bottom 50%)
08X371,Urban Institute of Mathematics,Other,402.0,Pelham - Throgs Neck,40.826794,-73.818083,31.59203911,98.3,0.5874999999999999,0.62,1.4380419714453594,Far (>1 mi),14.160839160839162,32.16783216783217,54.37062937062937,14.160839160839162,98.25174825174825,36.40734265734265,241,Tier 4 - Lower (Bottom 50%)
10X315,P.S. 315 Lab School,Elementary,217.0,Fordham - Bronx Park,40.873659,-73.900068,34.56221008,132.4,0.7549999999999999,0.78,0.3543214117056953,Close (0.25-0.5 mi),39.68531468531469,40.55944055944056,18.181818181818183,39.68531468531469,37.76223776223776,36.34615384615385,242,Tier 4 - Lower (Bottom 50%)
08X182,P.S. 182,Elementary,440.0,Pelham - Throgs Neck,40.818925,-73.856976,46.81818008,98.3,0.5874999999999999,0.62,0.16761603970043268,Very Close (<0.25 mi),14.160839160839162,83.21678321678321,64.33566433566433,14.160839160839162,10.13986013986014,34.89510489510489,243,Tier 4 - Lower (Bottom 50%)
12X550,High School of World Cultures,High School,418.0,Pelham - Throgs Neck,40.832508,-73.878191,32.77511978,98.3,0.5874999999999999,0.62,0.6977992668893075,Moderate (0.5-1 mi),14.160839160839162,36.01398601398601,59.96503496503497,14.160839160839162,76.57342657342657,34.76398601398601,244,Tier 4 - Lower (Bottom 50%)
11X169,Baychester Academy,High School,382.0,Northeast Bronx,40.881344,-73.839386,36.12565613,104.6,0.6325000000000001,0.65,0.3222277923720856,Close (0.25-0.5 mi),28.146853146853147,44.05594405594406,46.85314685314685,28.146853146853147,32.16783216783217,34.73776223776224,245,Tier 4 - Lower (Bottom 50%)
11X083,P.S. 083 Donald Hertz,Elementary,1579.0,Pelham - Throgs Neck,40.849176,-73.858769,25.14249611,98.3,0.5874999999999999,0.62,0.4754357148069692,Close (0.25-0.5 mi),14.160839160839162,19.58041958041958,99.65034965034964,14.160839160839162,55.94405594405595,34.33566433566433,246,Tier 4 - Lower (Bottom 50%)
11X498,P.S./M.S. 11X498 - Van Nest Academy,Middle School,615.0,Pelham - Throgs Neck,40.845023,-73.857989,23.57723618,98.3,0.5874999999999999,0.62,0.7047143478690956,Moderate (0.5-1 mi),14.160839160839162,16.083916083916083,82.16783216783216,14.160839160839162,77.97202797202797,34.31818181818181,247,Tier 4 - Lower (Bottom 50%)
11X513,New World High School,High School,324.0,Northeast Bronx,40.888242,-73.852714,25.92592621,104.6,0.6325000000000001,0.65,0.6520672073064693,Moderate (0.5-1 mi),28.146853146853147,20.97902097902098,34.44055944055944,28.146853146853147,71.32867132867133,34.13461538461539,248,Tier 4 - Lower (Bottom 50%)
10X368,In-Tech Academy (M.S. / High School 368),High School,995.0,Kingsbridge - Riverdale,40.877935,-73.913694,24.92462349,44.8,0.5125,0.45,1.063378844684578,Far (>1 mi),2.972027972027972,18.53146853146853,97.55244755244755,2.972027972027972,94.93006993006993,34.06468531468531,249,Tier 4 - Lower (Bottom 50%)
11X468,Pelham Academy of Academics and Community Engageme,High School,298.0,Fordham - Bronx Park,40.862098,-73.865028,29.19463158,132.4,0.7549999999999999,0.78,0.2520886019817358,Close (0.25-0.5 mi),39.68531468531469,28.321678321678323,29.37062937062937,39.68531468531469,24.825174825174827,33.63636363636364,250,Tier 4 - Lower (Bottom 50%)
11X567,Linden Tree Elementary School,Elementary,349.0,Pelham - Throgs Neck,40.838759,-73.853203,34.95701981,98.3,0.5874999999999999,0.62,0.715446005510511,Moderate (0.5-1 mi),14.160839160839162,41.60839160839161,41.60839160839161,14.160839160839162,79.54545454545455,33.57517482517483,251,Tier 4 - Lower (Bottom 50%)
10X081,P.S. 081 Robert J. Christen,Elementary,734.0,Kingsbridge - Riverdale,40.903275,-73.904657,24.11444092,44.8,0.5125,0.45,1.5536345893055303,Far (>1 mi),2.972027972027972,17.132867132867133,90.9090909090909,2.972027972027972,98.95104895104895,33.391608391608386,252,Tier 4 - Lower (Bottom 50%)
08X069,P.S. 069 Journey Prep School,Elementary,508.0,Pelham - Throgs Neck,40.8167,-73.86046,38.97637939,98.3,0.5874999999999999,0.62,0.2565380417587111,Close (0.25-0.5 mi),14.160839160839162,56.64335664335665,73.77622377622379,14.160839160839162,25.874125874125873,33.35664335664336,253,Tier 4 - Lower (Bottom 50%)
10X141,Riverdale / Kingsbridge Academy (Middle School / H,Middle School,1425.0,Kingsbridge - Riverdale,40.887407,-73.914141,18.87719345,44.8,0.5125,0.45,1.2121812427965424,Far (>1 mi),2.972027972027972,12.937062937062937,99.3006993006993,2.972027972027972,95.45454545454545,33.28671328671329,254,Tier 4 - Lower (Bottom 50%)
08X448,Soundview Academy for Culture and Scholarship,High School,255.0,Pelham - Throgs Neck,40.822925,-73.859998,56.47058868,98.3,0.5874999999999999,0.62,0.2432253713639367,Very Close (<0.25 mi),14.160839160839162,96.5034965034965,22.727272727272727,14.160839160839162,22.9020979020979,33.22552447552448,255,Tier 4 - Lower (Bottom 50%)
10X310,P.S. 310 Marble Hill,Elementary,471.0,Kingsbridge - Riverdale,40.872477,-73.905547,39.91507339,44.8,0.5125,0.45,0.5020809296827,Moderate (0.5-1 mi),2.972027972027972,60.13986013986013,69.93006993006993,2.972027972027972,58.74125874125874,32.81468531468531,256,Tier 4 - Lower (Bottom 50%)
08X583,P.S. 583,Elementary,460.0,Pelham - Throgs Neck,40.826949,-73.859622,33.47826004,98.3,0.5874999999999999,0.62,0.44054651907265363,Close (0.25-0.5 mi),14.160839160839162,38.81118881118881,67.83216783216784,14.160839160839162,51.74825174825175,32.77972027972028,257,Tier 4 - Lower (Bottom 50%)
11X108,P.S. 108 Philip J. Abinanti,Elementary,711.0,Pelham - Throgs Neck,40.8547,-73.8532,18.28410721,98.3,0.5874999999999999,0.62,0.5588326012622999,Moderate (0.5-1 mi),14.160839160839162,12.587412587412588,88.46153846153845,14.160839160839162,65.73426573426573,32.72727272727273,258,Tier 4 - Lower (Bottom 50%)
10X228,Jonas Bronck Academy,High School,396.0,Fordham - Bronx Park,40.860987,-73.891562,18.939394,132.4,0.7549999999999999,0.78,0.18601896423190611,Very Close (<0.25 mi),39.68531468531469,13.286713286713287,51.92307692307693,39.68531468531469,13.286713286713287,32.28146853146853,259,Tier 4 - Lower (Bottom 50%)
08X131,J.H.S. 131 Albert Einstein,Middle School,343.0,Pelham - Throgs Neck,40.822925,-73.859998,44.02332306,98.3,0.5874999999999999,0.62,0.2432253713639367,Very Close (<0.25 mi),14.160839160839162,77.97202797202797,39.68531468531469,14.160839160839162,22.9020979020979,32.06293706293707,260,Tier 4 - Lower (Bottom 50%)
10X024,P.S. 024 Spuyten Duyvil,Elementary,755.0,Kingsbridge - Riverdale,40.886922,-73.915114,12.847682,44.8,0.5125,0.45,1.253907015089378,Far (>1 mi),2.972027972027972,11.538461538461538,91.95804195804196,2.972027972027972,95.8041958041958,31.958041958041957,261,Tier 4 - Lower (Bottom 50%)
12X098,J.H.S. 098 Herman Ridder,Middle School,,Crotona - Tremont,40.836245,-73.890591,,171.9,0.8524999999999999,0.88,0.0,,57.692307692307686,5.419580419580419,5.419580419580419,57.692307692307686,1.2237762237762237,30.92657342657342,262,Tier 4 - Lower (Bottom 50%)
10X237,"The Marie Curie School for Medicine, Nursing, and",Other,287.0,Kingsbridge - Riverdale,40.875636,-73.901565,45.99303055,44.8,0.5125,0.45,0.5115287718803887,Moderate (0.5-1 mi),2.972027972027972,80.76923076923077,28.321678321678323,2.972027972027972,59.61538461538461,30.830419580419587,263,Tier 4 - Lower (Bottom 50%)
11X175,P.S. 175 City Island,Elementary,280.0,Pelham - Throgs Neck,40.844353,-73.78354,26.4285717,98.3,0.5874999999999999,0.62,2.946585218662399,Far (>1 mi),14.160839160839162,22.377622377622377,26.573426573426573,14.160839160839162,100.0,30.541958041958043,264,Tier 4 - Lower (Bottom 50%)
10X244,The New School for Leadership and Journalism,Other,615.0,Kingsbridge - Riverdale,40.875636,-73.901565,32.03252029,44.8,0.5125,0.45,0.5115287718803887,Moderate (0.5-1 mi),2.972027972027972,33.56643356643357,82.16783216783216,2.972027972027972,59.61538461538461,29.466783216783213,265,Tier 4 - Lower (Bottom 50%)
10X159,P.S. 159 Luis Munoz Marin Biling,Elementary,146.0,Fordham - Bronx Park,40.85568,-73.893136,27.39726067,132.4,0.7549999999999999,0.78,0.22306169341935228,Very Close (<0.25 mi),39.68531468531469,24.125874125874127,11.188811188811188,39.68531468531469,20.27972027972028,29.38811188811189,266,Tier 4 - Lower (Bottom 50%)
75X176,P.S. X176,Elementary,,Northeast Bronx,40.874035,-73.831669,,104.6,0.6325000000000001,0.65,0.9268206870715487,Moderate (0.5-1 mi),28.146853146853147,5.419580419580419,5.419580419580419,28.146853146853147,88.2867132867133,29.213286713286713,267,Tier 4 - Lower (Bottom 50%)
75X596,P.S. X596,Elementary,,Northeast Bronx,40.874035,-73.831669,,104.6,0.6325000000000001,0.65,0.9268206870715487,Moderate (0.5-1 mi),28.146853146853147,5.419580419580419,5.419580419580419,28.146853146853147,88.2867132867133,29.213286713286713,267,Tier 4 - Lower (Bottom 50%)
10X477,Marble Hill High School for International Studies,High School,403.0,Kingsbridge - Riverdale,40.877379,-73.912686,29.03225899,44.8,0.5125,0.45,0.9982001892234688,Moderate (0.5-1 mi),2.972027972027972,27.972027972027973,55.24475524475524,2.972027972027972,91.6083916083916,29.108391608391607,269,Tier 4 - Lower (Bottom 50%)
75X469,P469X - The Bronx School for Continuous Learners,Other,,Fordham - Bronx Park,40.872559,-73.875375,,132.4,0.7549999999999999,0.78,0.4166304627628828,Close (0.25-0.5 mi),39.68531468531469,5.419580419580419,5.419580419580419,39.68531468531469,48.07692307692308,28.951048951048953,270,Tier 4 - Lower (Bottom 50%)
10X360,P.S. 360,Elementary,305.0,Kingsbridge - Riverdale,40.874717,-73.902214,42.62295151,44.8,0.5125,0.45,0.4744349376149577,Close (0.25-0.5 mi),2.972027972027972,71.32867132867133,30.594405594405593,2.972027972027972,55.24475524475524,28.62762237762238,271,Tier 4 - Lower (Bottom 50%)
11X418,Bronx High School for the Visual Arts,High School,430.0,Pelham - Throgs Neck,40.851577,-73.864438,37.6744194,98.3,0.5874999999999999,0.62,0.14079079783040716,Very Close (<0.25 mi),14.160839160839162,51.048951048951054,61.713286713286706,14.160839160839162,5.944055944055944,27.438811188811187,272,Tier 4 - Lower (Bottom 50%)
11X481,The STEAM Bridge School,Other,287.0,Pelham - Throgs Neck,40.843531,-73.865498,28.22299576,98.3,0.5874999999999999,0.62,0.6606816179955365,Moderate (0.5-1 mi),14.160839160839162,25.874125874125873,28.321678321678323,14.160839160839162,72.37762237762237,27.36013986013986,273,Tier 4 - Lower (Bottom 50%)
75X168,P.S. 168,Elementary,,Fordham - Bronx Park,40.869482,-73.878731,,132.4,0.7549999999999999,0.78,0.30788004901447114,Close (0.25-0.5 mi),39.68531468531469,5.419580419580419,5.419580419580419,39.68531468531469,29.895104895104897,26.223776223776223,274,Tier 4 - Lower (Bottom 50%)
10X307,Luisa Pineiro Fuentes School of Science and Discov,Other,,Fordham - Bronx Park,40.869142,-73.901821,,132.4,0.7549999999999999,0.78,0.24852147871123662,Very Close (<0.25 mi),39.68531468531469,5.419580419580419,5.419580419580419,39.68531468531469,24.125874125874127,25.35839160839161,275,Tier 4 - Lower (Bottom 50%)
10X007,Milton Fein School,Other,391.0,Kingsbridge - Riverdale,40.881562,-73.905697,22.25063896,44.8,0.5125,0.45,0.7402719152434307,Moderate (0.5-1 mi),2.972027972027972,15.034965034965033,50.0,2.972027972027972,81.11888111888112,24.16083916083916,276,Tier 4 - Lower (Bottom 50%)
75X723,P.S. 723,Elementary,,Northeast Bronx,40.88298,-73.831856,,104.6,0.6325000000000001,0.65,0.45906896133732067,Close (0.25-0.5 mi),28.146853146853147,5.419580419580419,5.419580419580419,28.146853146853147,52.7972027972028,23.88986013986014,277,Tier 4 - Lower (Bottom 50%)
75X010,P.S. X010,Elementary,,Pelham - Throgs Neck,40.82708,-73.829211,,98.3,0.5874999999999999,0.62,1.0312633640566373,Far (>1 mi),14.160839160839162,5.419580419580419,5.419580419580419,14.160839160839162,93.00699300699301,22.92832167832168,278,Tier 4 - Lower (Bottom 50%)
11X253,Bronx High School for Writing and Communication Ar,High School,,Fordham - Bronx Park,40.875172,-73.861649,,132.4,0.7549999999999999,0.78,0.0,,39.68531468531469,5.419580419580419,5.419580419580419,39.68531468531469,1.2237762237762237,21.923076923076923,279,Tier 4 - Lower (Bottom 50%)
75M501,Home Instruction,Other,,Pelham - Throgs Neck,40.831829,-73.827642,,98.3,0.5874999999999999,0.62,0.8313542549325262,Moderate (0.5-1 mi),14.160839160839162,5.419580419580419,5.419580419580419,14.160839160839162,85.83916083916084,21.853146853146853,280,Tier 4 - Lower (Bottom 50%)
75M401,Hospital Schools,Other,,Pelham - Throgs Neck,40.831829,-73.827642,,98.3,0.5874999999999999,0.62,0.8313542549325262,Moderate (0.5-1 mi),14.160839160839162,5.419580419580419,5.419580419580419,14.160839160839162,85.83916083916084,21.853146853146853,280,Tier 4 - Lower (Bottom 50%)
11X357,Young Voices Academy of the Bronx,High School,403.0,Pelham - Throgs Neck,40.854423,-73.863733,27.29528618,98.3,0.5874999999999999,0.62,0.1617834015817027,Very Close (<0.25 mi),14.160839160839162,23.776223776223777,55.24475524475524,14.160839160839162,9.44055944055944,21.53846153846154,282,Tier 4 - Lower (Bottom 50%)
08X537,Bronx Arena High School,High School,,Pelham - Throgs Neck,40.820486,-73.881187,,98.3,0.5874999999999999,0.62,0.6977166439294773,Moderate (0.5-1 mi),14.160839160839162,5.419580419580419,5.419580419580419,14.160839160839162,75.52447552447552,20.305944055944053,283,Tier 4 - Lower (Bottom 50%)
10X397,English Language Learners and International Suppor,Other,,Kingsbridge - Riverdale,40.877379,-73.912686,,44.8,0.5125,0.45,0.9982001892234688,Moderate (0.5-1 mi),2.972027972027972,5.419580419580419,5.419580419580419,2.972027972027972,91.6083916083916,17.124125874125873,284,Tier 4 - Lower (Bottom 50%)
75X012,P.S. X012 Lewis and Clark School,Elementary,,Pelham - Throgs Neck,40.840625,-73.844685,,98.3,0.5874999999999999,0.62,0.2730966353631414,Close (0.25-0.5 mi),14.160839160839162,5.419580419580419,5.419580419580419,14.160839160839162,28.321678321678323,13.225524475524475,285,Tier 4 - Lower (Bottom 50%)
75X721,P.S. X721 - Stephen McSweeney School,Elementary,,Pelham - Throgs Neck,40.842725,-73.839114,,98.3,0.5874999999999999,0.62,0.20530693855262877,Very Close (<0.25 mi),14.160839160839162,5.419580419580419,5.419580419580419,14.160839160839162,16.783216783216783,11.494755244755243,286,Tier 4 - Lower (Bottom 50%)
